#
# There is insufficient memory for the Java Runtime Environment to continue.
# Native memory allocation (malloc) failed to allocate 1122896 bytes for Chunk::new
# Possible reasons:
#   The system is out of physical RAM or swap space
#   The process is running with CompressedOops enabled, and the Java Heap may be blocking the growth of the native heap
# Possible solutions:
#   Reduce memory load on the system
#   Increase physical memory or swap space
#   Check if swap backing store is full
#   Decrease Java heap size (-Xmx/-Xms)
#   Decrease number of Java threads
#   Decrease Java thread stack sizes (-Xss)
#   Set larger code cache with -XX:ReservedCodeCacheSize=
#   JVM is running with Unscaled Compressed Oops mode in which the Java heap is
#     placed in the first 4GB address space. The Java Heap base address is the
#     maximum limit for the native heap growth. Please use -XX:HeapBaseMinAddress
#     to set the Java Heap base and to place the Java Heap above 4GB virtual address.
# This output file may be truncated or incomplete.
#
#  Out of Memory Error (arena.cpp:189), pid=1660, tid=9260
#
# JRE version: OpenJDK Runtime Environment (17.0.6) (build 17.0.6+0-b2043.56-10027231)
# Java VM: OpenJDK 64-Bit Server VM (17.0.6+0-b2043.56-10027231, mixed mode, tiered, compressed oops, compressed class ptrs, g1 gc, windows-amd64)
# No core dump will be written. Minidumps are not enabled by default on client versions of Windows
#

---------------  S U M M A R Y ------------

Command Line: --add-opens=java.base/java.util=ALL-UNNAMED --add-opens=java.base/java.lang=ALL-UNNAMED --add-opens=java.base/java.lang.invoke=ALL-UNNAMED --add-opens=java.prefs/java.util.prefs=ALL-UNNAMED --add-opens=java.base/java.nio.charset=ALL-UNNAMED --add-opens=java.base/java.net=ALL-UNNAMED --add-opens=java.base/java.util.concurrent.atomic=ALL-UNNAMED -Xmx2048m -Dfile.encoding=UTF-8 -Duser.country=BR -Duser.language=pt -Duser.variant org.gradle.launcher.daemon.bootstrap.GradleDaemon 8.0

Host: 11th Gen Intel(R) Core(TM) i5-1145G7 @ 2.60GHz, 8 cores, 15G,  Windows 11 , 64 bit Build 26100 (10.0.26100.7705)
Time: Wed May 27 14:25:01 2026 Hora oficial do Brasil elapsed time: 1547.122195 seconds (0d 0h 25m 47s)

---------------  T H R E A D  ---------------

Current thread (0x00000127df560f00):  JavaThread "C2 CompilerThread2" daemon [_thread_in_native, id=9260, stack(0x0000000fe4100000,0x0000000fe4200000)]


Current CompileTask:
C2:1547122 26872 %     4       com.android.tools.r8.dex.K::a @ 1170 (3026 bytes)

Stack: [0x0000000fe4100000,0x0000000fe4200000]
Native frames: (J=compiled Java code, j=interpreted, Vv=VM code, C=native code)
V  [jvm.dll+0x683c9a]
V  [jvm.dll+0x8427a4]
V  [jvm.dll+0x843f9e]
V  [jvm.dll+0x844603]
V  [jvm.dll+0x249b75]
V  [jvm.dll+0xabcac]
V  [jvm.dll+0xac27c]
V  [jvm.dll+0x368857]
V  [jvm.dll+0x332f31]
V  [jvm.dll+0x3323da]
V  [jvm.dll+0x21c201]
V  [jvm.dll+0x21b621]
V  [jvm.dll+0x1a4fdd]
V  [jvm.dll+0x22b098]
V  [jvm.dll+0x229159]
V  [jvm.dll+0x7f81ec]
V  [jvm.dll+0x7f274a]
V  [jvm.dll+0x682ad5]
C  [ucrtbase.dll+0x37b0]
C  [KERNEL32.DLL+0x2e8d7]
C  [ntdll.dll+0x8c40c]


---------------  P R O C E S S  ---------------

Threads class SMR info:
_java_thread_list=0x00000127deec6cd0, length=156, elements={
0x00000127b7e2c2b0, 0x00000127d4875620, 0x00000127d48760e0, 0x00000127d48bb950,
0x00000127d48be220, 0x00000127d48beae0, 0x00000127d48bfbb0, 0x00000127d48c47b0,
0x00000127d48d70d0, 0x00000127d48e19f0, 0x00000127d4a7c010, 0x00000127d4a7e900,
0x00000127d702ba30, 0x00000127d6f8b5d0, 0x00000127d721c780, 0x00000127d5964b70,
0x00000127d5963d00, 0x00000127d5965040, 0x00000127d5963830, 0x00000127d59659e0,
0x00000127d59641d0, 0x00000127d5965510, 0x00000127d5962e90, 0x00000127d5966850,
0x00000127d5965eb0, 0x00000127d5966380, 0x00000127da07fbe0, 0x00000127da080a50,
0x00000127da0813f0, 0x00000127da07f710, 0x00000127da0830d0, 0x00000127d5ced810,
0x00000127d5ce8fe0, 0x00000127d5cea7f0, 0x00000127d5ce8640, 0x00000127d5ceb190,
0x00000127d5ceb660, 0x00000127d5ce94b0, 0x00000127d5ce9980, 0x00000127d9ce73c0,
0x00000127d5ce9e50, 0x00000127d5cebb30, 0x00000127d5cec4d0, 0x00000127d5ce8b10,
0x00000127d5cea320, 0x00000127d5cef020, 0x00000127d5cec000, 0x00000127d5cefe90,
0x00000127d5cec9a0, 0x00000127d5cece70, 0x00000127d524fcc0, 0x00000127d52514d0,
0x00000127d524e4b0, 0x00000127d5254e90, 0x00000127d5252ce0, 0x00000127d5253b50,
0x00000127d5252810, 0x00000127d5255830, 0x00000127d5254020, 0x00000127d5252340,
0x00000127d5255360, 0x00000127d52531b0, 0x00000127d5253680, 0x00000127d52544f0,
0x00000127d52549c0, 0x00000127da001250, 0x00000127da0003e0, 0x00000127da003400,
0x00000127d9fffa40, 0x00000127da003da0, 0x00000127da004740, 0x00000127da004270,
0x00000127da006420, 0x00000127da004c10, 0x00000127da0050e0, 0x00000127da0055b0,
0x00000127da005a80, 0x00000127da005f50, 0x00000127d9d5be50, 0x00000127d9d5c7f0,
0x00000127d9d5d190, 0x00000127d9d5ab10, 0x00000127d9d5db30, 0x00000127d9d5a640,
0x00000127d9d5d660, 0x00000127d9d5a170, 0x00000127d9d5b4b0, 0x00000127da0800b0,
0x00000127da080580, 0x00000127da0818c0, 0x00000127da082730, 0x00000127da07ed70,
0x00000127da085c20, 0x00000127da084410, 0x00000127da085750, 0x00000127d5963360,
0x00000127d59646a0, 0x00000127da3eb930, 0x00000127da3e8910, 0x00000127da3eaf90,
0x00000127da3eb460, 0x00000127da3ebe00, 0x00000127da3e8440, 0x00000127da3ec2d0,
0x00000127da3e9780, 0x00000127da3ec7a0, 0x00000127da3e8de0, 0x00000127da3ecc70,
0x00000127da3e92b0, 0x00000127da3ed610, 0x00000127da3ed140, 0x00000127da3e9c50,
0x00000127da3edae0, 0x00000127da3eaac0, 0x00000127da3ea120, 0x00000127da3edfb0,
0x00000127da3ea5f0, 0x00000127da3ee480, 0x00000127da3ee950, 0x00000127da3eee20,
0x00000127da3ef2f0, 0x00000127da3ef7c0, 0x00000127da3efc90, 0x00000127d7ef0c60,
0x00000127d7ef1600, 0x00000127d7ef2940, 0x00000127d7ef1130, 0x00000127d7ef2470,
0x00000127d7ef2e10, 0x00000127d7eefdf0, 0x00000127d7ef32e0, 0x00000127d7ef37b0,
0x00000127d7ef02c0, 0x00000127df12cec0, 0x00000127df129ea0, 0x00000127df12d390,
0x00000127df1299d0, 0x00000127df12a840, 0x00000127dd95b9b0, 0x00000127dd95be80,
0x00000127dd95b010, 0x00000127dd95b4e0, 0x00000127dd959330, 0x00000127dd9584c0,
0x00000127e98bf760, 0x00000127e98c0100, 0x00000127e98bedc0, 0x00000127da03d4f0,
0x00000127ddd5b820, 0x00000127e98bf290, 0x00000127dfc9a420, 0x00000127e98bfc30,
0x00000127ddd5a4e0, 0x00000127f14d2530, 0x00000127f14d2a00, 0x00000127df560f00
}

Java Threads: ( => current thread )
  0x00000127b7e2c2b0 JavaThread "main" [_thread_blocked, id=2020, stack(0x0000000fe2100000,0x0000000fe2200000)]
  0x00000127d4875620 JavaThread "Reference Handler" daemon [_thread_blocked, id=9480, stack(0x0000000fe2800000,0x0000000fe2900000)]
  0x00000127d48760e0 JavaThread "Finalizer" daemon [_thread_blocked, id=3708, stack(0x0000000fe2900000,0x0000000fe2a00000)]
  0x00000127d48bb950 JavaThread "Signal Dispatcher" daemon [_thread_blocked, id=4952, stack(0x0000000fe2a00000,0x0000000fe2b00000)]
  0x00000127d48be220 JavaThread "Attach Listener" daemon [_thread_blocked, id=14148, stack(0x0000000fe2b00000,0x0000000fe2c00000)]
  0x00000127d48beae0 JavaThread "Service Thread" daemon [_thread_blocked, id=1920, stack(0x0000000fe2c00000,0x0000000fe2d00000)]
  0x00000127d48bfbb0 JavaThread "Monitor Deflation Thread" daemon [_thread_blocked, id=12316, stack(0x0000000fe2d00000,0x0000000fe2e00000)]
  0x00000127d48c47b0 JavaThread "C2 CompilerThread0" daemon [_thread_in_vm, id=2648, stack(0x0000000fe2e00000,0x0000000fe2f00000)]
  0x00000127d48d70d0 JavaThread "C1 CompilerThread0" daemon [_thread_blocked, id=12152, stack(0x0000000fe2f00000,0x0000000fe3000000)]
  0x00000127d48e19f0 JavaThread "Sweeper thread" daemon [_thread_blocked, id=6616, stack(0x0000000fe3000000,0x0000000fe3100000)]
  0x00000127d4a7c010 JavaThread "Common-Cleaner" daemon [_thread_blocked, id=3660, stack(0x0000000fe3100000,0x0000000fe3200000)]
  0x00000127d4a7e900 JavaThread "Notification Thread" daemon [_thread_blocked, id=14420, stack(0x0000000fe3200000,0x0000000fe3300000)]
  0x00000127d702ba30 JavaThread "Daemon health stats" [_thread_blocked, id=2676, stack(0x0000000fe3b00000,0x0000000fe3c00000)]
  0x00000127d6f8b5d0 JavaThread "Incoming local TCP Connector on port 63162" [_thread_in_native, id=11672, stack(0x0000000fe3c00000,0x0000000fe3d00000)]
  0x00000127d721c780 JavaThread "Daemon periodic checks" [_thread_blocked, id=10560, stack(0x0000000fe3d00000,0x0000000fe3e00000)]
  0x00000127d5964b70 JavaThread "Cache worker for journal cache (C:\Users\alunoinfo.DESKTOP-FFTGG6Q\.gradle\caches\journal-1)" [_thread_blocked, id=10808, stack(0x0000000fe4800000,0x0000000fe4900000)]
  0x00000127d5963d00 JavaThread "File lock request listener" [_thread_in_native, id=11704, stack(0x0000000fe4900000,0x0000000fe4a00000)]
  0x00000127d5965040 JavaThread "Cache worker for file hash cache (C:\Users\alunoinfo.DESKTOP-FFTGG6Q\.gradle\caches\8.0\fileHashes)" [_thread_blocked, id=11176, stack(0x0000000fe4a00000,0x0000000fe4b00000)]
  0x00000127d5963830 JavaThread "File watcher server" daemon [_thread_in_native, id=13332, stack(0x0000000fe4b00000,0x0000000fe4c00000)]
  0x00000127d59659e0 JavaThread "File watcher consumer" daemon [_thread_blocked, id=6708, stack(0x0000000fe4c00000,0x0000000fe4d00000)]
  0x00000127d59641d0 JavaThread "jar transforms" [_thread_blocked, id=5892, stack(0x0000000fe4d00000,0x0000000fe4e00000)]
  0x00000127d5965510 JavaThread "jar transforms Thread 2" [_thread_blocked, id=6972, stack(0x0000000fe4e00000,0x0000000fe4f00000)]
  0x00000127d5962e90 JavaThread "jar transforms Thread 3" [_thread_blocked, id=5580, stack(0x0000000fe4f00000,0x0000000fe5000000)]
  0x00000127d5966850 JavaThread "jar transforms Thread 4" [_thread_blocked, id=13192, stack(0x0000000fe5000000,0x0000000fe5100000)]
  0x00000127d5965eb0 JavaThread "jar transforms Thread 5" [_thread_blocked, id=11988, stack(0x0000000fe5100000,0x0000000fe5200000)]
  0x00000127d5966380 JavaThread "jar transforms Thread 6" [_thread_blocked, id=1936, stack(0x0000000fe5200000,0x0000000fe5300000)]
  0x00000127da07fbe0 JavaThread "jar transforms Thread 7" [_thread_blocked, id=13832, stack(0x0000000fe5300000,0x0000000fe5400000)]
  0x00000127da080a50 JavaThread "jar transforms Thread 8" [_thread_blocked, id=6304, stack(0x0000000fe5400000,0x0000000fe5500000)]
  0x00000127da0813f0 JavaThread "Cache worker for file content cache (C:\Users\alunoinfo.DESKTOP-FFTGG6Q\.gradle\caches\8.0\fileContent)" [_thread_blocked, id=1808, stack(0x0000000fe5800000,0x0000000fe5900000)]
  0x00000127da07f710 JavaThread "Cache worker for execution history cache (C:\Users\alunoinfo.DESKTOP-FFTGG6Q\.gradle\caches\8.0\executionHistory)" [_thread_blocked, id=12348, stack(0x0000000fe5b00000,0x0000000fe5c00000)]
  0x00000127da0830d0 JavaThread "Cache worker for kotlin-dsl (C:\Users\alunoinfo.DESKTOP-FFTGG6Q\.gradle\caches\8.0\kotlin-dsl)" [_thread_blocked, id=12668, stack(0x0000000fe5c00000,0x0000000fe5d00000)]
  0x00000127d5ced810 JavaThread "Memory manager" [_thread_blocked, id=6332, stack(0x0000000feb500000,0x0000000feb600000)]
  0x00000127d5ce8fe0 JavaThread "Daemon Thread 2" [_thread_blocked, id=9488, stack(0x0000000fe1e00000,0x0000000fe1f00000)]
  0x00000127d5cea7f0 JavaThread "Handler for socket connection from /127.0.0.1:63162 to /127.0.0.1:63909" [_thread_in_native, id=8540, stack(0x0000000fe1f00000,0x0000000fe2000000)]
  0x00000127d5ce8640 JavaThread "Cancel handler" [_thread_blocked, id=9320, stack(0x0000000fe2000000,0x0000000fe2100000)]
  0x00000127d5ceb190 JavaThread "Daemon worker Thread 2" [_thread_blocked, id=5916, stack(0x0000000fe3400000,0x0000000fe3500000)]
  0x00000127d5ceb660 JavaThread "Asynchronous log dispatcher for DefaultDaemonConnection: socket connection from /127.0.0.1:63162 to /127.0.0.1:63909" [_thread_blocked, id=6184, stack(0x0000000fe3500000,0x0000000fe3600000)]
  0x00000127d5ce94b0 JavaThread "Stdin handler" [_thread_blocked, id=6052, stack(0x0000000fe3e00000,0x0000000fe3f00000)]
  0x00000127d5ce9980 JavaThread "Daemon client event forwarder" [_thread_blocked, id=12452, stack(0x0000000fe3f00000,0x0000000fe4000000)]
  0x00000127d9ce73c0 JavaThread "C2 CompilerThread1" daemon [_thread_in_native, id=10252, stack(0x0000000fe4000000,0x0000000fe4100000)]
  0x00000127d5ce9e50 JavaThread "Cache worker for checksums cache (C:\Users\alunoinfo.DESKTOP-FFTGG6Q\Desktop\Proj140526\.gradle\8.0\checksums)" [_thread_blocked, id=14352, stack(0x0000000fe4200000,0x0000000fe4300000)]
  0x00000127d5cebb30 JavaThread "Cache worker for cache directory md-rule (C:\Users\alunoinfo.DESKTOP-FFTGG6Q\.gradle\caches\8.0\md-rule)" [_thread_blocked, id=10948, stack(0x0000000fe4300000,0x0000000fe4400000)]
  0x00000127d5cec4d0 JavaThread "Cache worker for file hash cache (C:\Users\alunoinfo.DESKTOP-FFTGG6Q\Desktop\Proj140526\.gradle\8.0\fileHashes)" [_thread_blocked, id=404, stack(0x0000000fe4400000,0x0000000fe4500000)]
  0x00000127d5ce8b10 JavaThread "Cache worker for cache directory md-supplier (C:\Users\alunoinfo.DESKTOP-FFTGG6Q\.gradle\caches\8.0\md-supplier)" [_thread_blocked, id=15176, stack(0x0000000fe5600000,0x0000000fe5700000)]
  0x00000127d5cea320 JavaThread "Cache worker for dependencies-accessors (C:\Users\alunoinfo.DESKTOP-FFTGG6Q\Desktop\Proj140526\.gradle\8.0\dependencies-accessors)" [_thread_blocked, id=4804, stack(0x0000000fe5700000,0x0000000fe5800000)]
  0x00000127d5cef020 JavaThread "Cache worker for Build Output Cleanup Cache (C:\Users\alunoinfo.DESKTOP-FFTGG6Q\Desktop\Proj140526\.gradle\buildOutputCleanup)" [_thread_blocked, id=13744, stack(0x0000000fe5900000,0x0000000fe5a00000)]
  0x00000127d5cec000 JavaThread "Unconstrained build operations" [_thread_blocked, id=11208, stack(0x0000000fe5a00000,0x0000000fe5b00000)]
  0x00000127d5cefe90 JavaThread "Unconstrained build operations Thread 2" [_thread_blocked, id=2940, stack(0x0000000fe6200000,0x0000000fe6300000)]
  0x00000127d5cec9a0 JavaThread "Unconstrained build operations Thread 3" [_thread_blocked, id=13840, stack(0x0000000fe6300000,0x0000000fe6400000)]
  0x00000127d5cece70 JavaThread "Unconstrained build operations Thread 4" [_thread_blocked, id=6676, stack(0x0000000fe6400000,0x0000000fe6500000)]
  0x00000127d524fcc0 JavaThread "Unconstrained build operations Thread 5" [_thread_blocked, id=14132, stack(0x0000000fe6500000,0x0000000fe6600000)]
  0x00000127d52514d0 JavaThread "Unconstrained build operations Thread 6" [_thread_blocked, id=6476, stack(0x0000000fe6600000,0x0000000fe6700000)]
  0x00000127d524e4b0 JavaThread "Unconstrained build operations Thread 7" [_thread_blocked, id=2780, stack(0x0000000fe6700000,0x0000000fe6800000)]
  0x00000127d5254e90 JavaThread "Unconstrained build operations Thread 8" [_thread_blocked, id=9344, stack(0x0000000fe6800000,0x0000000fe6900000)]
  0x00000127d5252ce0 JavaThread "Unconstrained build operations Thread 9" [_thread_blocked, id=692, stack(0x0000000fe6900000,0x0000000fe6a00000)]
  0x00000127d5253b50 JavaThread "Unconstrained build operations Thread 10" [_thread_blocked, id=10816, stack(0x0000000fe6a00000,0x0000000fe6b00000)]
  0x00000127d5252810 JavaThread "Unconstrained build operations Thread 11" [_thread_blocked, id=2728, stack(0x0000000fe6b00000,0x0000000fe6c00000)]
  0x00000127d5255830 JavaThread "Unconstrained build operations Thread 12" [_thread_blocked, id=2052, stack(0x0000000fe6c00000,0x0000000fe6d00000)]
  0x00000127d5254020 JavaThread "Unconstrained build operations Thread 13" [_thread_blocked, id=7180, stack(0x0000000fe6d00000,0x0000000fe6e00000)]
  0x00000127d5252340 JavaThread "Unconstrained build operations Thread 14" [_thread_blocked, id=14544, stack(0x0000000fe6e00000,0x0000000fe6f00000)]
  0x00000127d5255360 JavaThread "Unconstrained build operations Thread 15" [_thread_blocked, id=10912, stack(0x0000000fe6f00000,0x0000000fe7000000)]
  0x00000127d52531b0 JavaThread "Unconstrained build operations Thread 16" [_thread_blocked, id=5388, stack(0x0000000fe7000000,0x0000000fe7100000)]
  0x00000127d5253680 JavaThread "Unconstrained build operations Thread 17" [_thread_blocked, id=1512, stack(0x0000000fe7100000,0x0000000fe7200000)]
  0x00000127d52544f0 JavaThread "Unconstrained build operations Thread 18" [_thread_blocked, id=3380, stack(0x0000000fe7200000,0x0000000fe7300000)]
  0x00000127d52549c0 JavaThread "Unconstrained build operations Thread 19" [_thread_blocked, id=11060, stack(0x0000000fe7300000,0x0000000fe7400000)]
  0x00000127da001250 JavaThread "Unconstrained build operations Thread 20" [_thread_blocked, id=12800, stack(0x0000000fe7400000,0x0000000fe7500000)]
  0x00000127da0003e0 JavaThread "Unconstrained build operations Thread 21" [_thread_blocked, id=4444, stack(0x0000000fe7500000,0x0000000fe7600000)]
  0x00000127da003400 JavaThread "Unconstrained build operations Thread 22" [_thread_blocked, id=11380, stack(0x0000000fe7600000,0x0000000fe7700000)]
  0x00000127d9fffa40 JavaThread "Unconstrained build operations Thread 23" [_thread_blocked, id=9992, stack(0x0000000fe7700000,0x0000000fe7800000)]
  0x00000127da003da0 JavaThread "Unconstrained build operations Thread 24" [_thread_blocked, id=13400, stack(0x0000000fe7800000,0x0000000fe7900000)]
  0x00000127da004740 JavaThread "Unconstrained build operations Thread 25" [_thread_blocked, id=8488, stack(0x0000000fe7900000,0x0000000fe7a00000)]
  0x00000127da004270 JavaThread "Unconstrained build operations Thread 26" [_thread_blocked, id=9924, stack(0x0000000fe7a00000,0x0000000fe7b00000)]
  0x00000127da006420 JavaThread "Unconstrained build operations Thread 27" [_thread_blocked, id=14984, stack(0x0000000fe7b00000,0x0000000fe7c00000)]
  0x00000127da004c10 JavaThread "Unconstrained build operations Thread 28" [_thread_blocked, id=7304, stack(0x0000000fe7c00000,0x0000000fe7d00000)]
  0x00000127da0050e0 JavaThread "Unconstrained build operations Thread 29" [_thread_blocked, id=10520, stack(0x0000000fe7d00000,0x0000000fe7e00000)]
  0x00000127da0055b0 JavaThread "Unconstrained build operations Thread 30" [_thread_blocked, id=4440, stack(0x0000000fe7e00000,0x0000000fe7f00000)]
  0x00000127da005a80 JavaThread "Unconstrained build operations Thread 31" [_thread_blocked, id=13412, stack(0x0000000fe7f00000,0x0000000fe8000000)]
  0x00000127da005f50 JavaThread "Unconstrained build operations Thread 32" [_thread_blocked, id=15240, stack(0x0000000fe8000000,0x0000000fe8100000)]
  0x00000127d9d5be50 JavaThread "Unconstrained build operations Thread 33" [_thread_blocked, id=11884, stack(0x0000000fe8100000,0x0000000fe8200000)]
  0x00000127d9d5c7f0 JavaThread "Unconstrained build operations Thread 34" [_thread_blocked, id=7096, stack(0x0000000fe8200000,0x0000000fe8300000)]
  0x00000127d9d5d190 JavaThread "Unconstrained build operations Thread 35" [_thread_blocked, id=14820, stack(0x0000000fe8300000,0x0000000fe8400000)]
  0x00000127d9d5ab10 JavaThread "Unconstrained build operations Thread 36" [_thread_blocked, id=2936, stack(0x0000000fe8400000,0x0000000fe8500000)]
  0x00000127d9d5db30 JavaThread "Unconstrained build operations Thread 37" [_thread_blocked, id=3748, stack(0x0000000fe8500000,0x0000000fe8600000)]
  0x00000127d9d5a640 JavaThread "Unconstrained build operations Thread 38" [_thread_blocked, id=892, stack(0x0000000fe8600000,0x0000000fe8700000)]
  0x00000127d9d5d660 JavaThread "Unconstrained build operations Thread 39" [_thread_blocked, id=9920, stack(0x0000000fe8700000,0x0000000fe8800000)]
  0x00000127d9d5a170 JavaThread "Unconstrained build operations Thread 40" [_thread_blocked, id=1064, stack(0x0000000fe8800000,0x0000000fe8900000)]
  0x00000127d9d5b4b0 JavaThread "Unconstrained build operations Thread 41" [_thread_blocked, id=6220, stack(0x0000000fe8900000,0x0000000fe8a00000)]
  0x00000127da0800b0 JavaThread "Unconstrained build operations Thread 42" [_thread_blocked, id=13992, stack(0x0000000fe8a00000,0x0000000fe8b00000)]
  0x00000127da080580 JavaThread "Unconstrained build operations Thread 43" [_thread_blocked, id=6420, stack(0x0000000fe8b00000,0x0000000fe8c00000)]
  0x00000127da0818c0 JavaThread "Unconstrained build operations Thread 44" [_thread_blocked, id=4592, stack(0x0000000fe8c00000,0x0000000fe8d00000)]
  0x00000127da082730 JavaThread "Unconstrained build operations Thread 45" [_thread_blocked, id=6236, stack(0x0000000fe8d00000,0x0000000fe8e00000)]
  0x00000127da07ed70 JavaThread "Unconstrained build operations Thread 46" [_thread_blocked, id=13376, stack(0x0000000fe8e00000,0x0000000fe8f00000)]
  0x00000127da085c20 JavaThread "Unconstrained build operations Thread 47" [_thread_blocked, id=8276, stack(0x0000000fe8f00000,0x0000000fe9000000)]
  0x00000127da084410 JavaThread "Unconstrained build operations Thread 48" [_thread_blocked, id=5980, stack(0x0000000fe9000000,0x0000000fe9100000)]
  0x00000127da085750 JavaThread "Unconstrained build operations Thread 49" [_thread_blocked, id=9600, stack(0x0000000fe9100000,0x0000000fe9200000)]
  0x00000127d5963360 JavaThread "Unconstrained build operations Thread 50" [_thread_blocked, id=9452, stack(0x0000000fe9200000,0x0000000fe9300000)]
  0x00000127d59646a0 JavaThread "Unconstrained build operations Thread 51" [_thread_blocked, id=7876, stack(0x0000000fe9300000,0x0000000fe9400000)]
  0x00000127da3eb930 JavaThread "Unconstrained build operations Thread 52" [_thread_blocked, id=12768, stack(0x0000000fe9400000,0x0000000fe9500000)]
  0x00000127da3e8910 JavaThread "Unconstrained build operations Thread 53" [_thread_blocked, id=4436, stack(0x0000000fe9500000,0x0000000fe9600000)]
  0x00000127da3eaf90 JavaThread "Unconstrained build operations Thread 54" [_thread_blocked, id=4700, stack(0x0000000fe9600000,0x0000000fe9700000)]
  0x00000127da3eb460 JavaThread "Unconstrained build operations Thread 55" [_thread_blocked, id=2596, stack(0x0000000fe9700000,0x0000000fe9800000)]
  0x00000127da3ebe00 JavaThread "Unconstrained build operations Thread 56" [_thread_blocked, id=2600, stack(0x0000000fe9800000,0x0000000fe9900000)]
  0x00000127da3e8440 JavaThread "Unconstrained build operations Thread 57" [_thread_blocked, id=13864, stack(0x0000000fe9900000,0x0000000fe9a00000)]
  0x00000127da3ec2d0 JavaThread "Unconstrained build operations Thread 58" [_thread_blocked, id=8612, stack(0x0000000fe9a00000,0x0000000fe9b00000)]
  0x00000127da3e9780 JavaThread "Unconstrained build operations Thread 59" [_thread_blocked, id=3900, stack(0x0000000fe9b00000,0x0000000fe9c00000)]
  0x00000127da3ec7a0 JavaThread "Unconstrained build operations Thread 60" [_thread_blocked, id=8108, stack(0x0000000fe9c00000,0x0000000fe9d00000)]
  0x00000127da3e8de0 JavaThread "Unconstrained build operations Thread 61" [_thread_blocked, id=12512, stack(0x0000000fe9d00000,0x0000000fe9e00000)]
  0x00000127da3ecc70 JavaThread "Unconstrained build operations Thread 62" [_thread_blocked, id=15032, stack(0x0000000fe9e00000,0x0000000fe9f00000)]
  0x00000127da3e92b0 JavaThread "Unconstrained build operations Thread 63" [_thread_blocked, id=6896, stack(0x0000000fe9f00000,0x0000000fea000000)]
  0x00000127da3ed610 JavaThread "Unconstrained build operations Thread 64" [_thread_blocked, id=3316, stack(0x0000000fea000000,0x0000000fea100000)]
  0x00000127da3ed140 JavaThread "Unconstrained build operations Thread 65" [_thread_blocked, id=392, stack(0x0000000fea100000,0x0000000fea200000)]
  0x00000127da3e9c50 JavaThread "Unconstrained build operations Thread 66" [_thread_blocked, id=14808, stack(0x0000000fea200000,0x0000000fea300000)]
  0x00000127da3edae0 JavaThread "Unconstrained build operations Thread 67" [_thread_blocked, id=4168, stack(0x0000000fea300000,0x0000000fea400000)]
  0x00000127da3eaac0 JavaThread "Unconstrained build operations Thread 68" [_thread_blocked, id=14852, stack(0x0000000fea400000,0x0000000fea500000)]
  0x00000127da3ea120 JavaThread "Unconstrained build operations Thread 69" [_thread_blocked, id=13964, stack(0x0000000fea500000,0x0000000fea600000)]
  0x00000127da3edfb0 JavaThread "Unconstrained build operations Thread 70" [_thread_blocked, id=4928, stack(0x0000000fea600000,0x0000000fea700000)]
  0x00000127da3ea5f0 JavaThread "Unconstrained build operations Thread 71" [_thread_blocked, id=2108, stack(0x0000000fea700000,0x0000000fea800000)]
  0x00000127da3ee480 JavaThread "Unconstrained build operations Thread 72" [_thread_blocked, id=8308, stack(0x0000000fea800000,0x0000000fea900000)]
  0x00000127da3ee950 JavaThread "Unconstrained build operations Thread 73" [_thread_blocked, id=15340, stack(0x0000000fea900000,0x0000000feaa00000)]
  0x00000127da3eee20 JavaThread "Unconstrained build operations Thread 74" [_thread_blocked, id=8472, stack(0x0000000feaa00000,0x0000000feab00000)]
  0x00000127da3ef2f0 JavaThread "Unconstrained build operations Thread 75" [_thread_blocked, id=9016, stack(0x0000000feab00000,0x0000000feac00000)]
  0x00000127da3ef7c0 JavaThread "Unconstrained build operations Thread 76" [_thread_blocked, id=15232, stack(0x0000000feac00000,0x0000000fead00000)]
  0x00000127da3efc90 JavaThread "Unconstrained build operations Thread 77" [_thread_blocked, id=7504, stack(0x0000000fead00000,0x0000000feae00000)]
  0x00000127d7ef0c60 JavaThread "Unconstrained build operations Thread 78" [_thread_blocked, id=2444, stack(0x0000000feae00000,0x0000000feaf00000)]
  0x00000127d7ef1600 JavaThread "Unconstrained build operations Thread 79" [_thread_blocked, id=8708, stack(0x0000000feaf00000,0x0000000feb000000)]
  0x00000127d7ef2940 JavaThread "Unconstrained build operations Thread 80" [_thread_blocked, id=8120, stack(0x0000000feb000000,0x0000000feb100000)]
  0x00000127d7ef1130 JavaThread "build event listener" [_thread_blocked, id=9324, stack(0x0000000feb100000,0x0000000feb200000)]
  0x00000127d7ef2470 JavaThread "included builds" [_thread_blocked, id=9248, stack(0x0000000feb200000,0x0000000feb300000)]
  0x00000127d7ef2e10 JavaThread "Execution worker" [_thread_blocked, id=8844, stack(0x0000000feb300000,0x0000000feb400000)]
  0x00000127d7eefdf0 JavaThread "Execution worker Thread 2" [_thread_blocked, id=3780, stack(0x0000000feb400000,0x0000000feb500000)]
  0x00000127d7ef32e0 JavaThread "Execution worker Thread 3" [_thread_blocked, id=15200, stack(0x0000000feb600000,0x0000000feb700000)]
  0x00000127d7ef37b0 JavaThread "Execution worker Thread 4" [_thread_blocked, id=5044, stack(0x0000000feb700000,0x0000000feb800000)]
  0x00000127d7ef02c0 JavaThread "Execution worker Thread 5" [_thread_blocked, id=14124, stack(0x0000000feb800000,0x0000000feb900000)]
  0x00000127df12cec0 JavaThread "Execution worker Thread 6" [_thread_blocked, id=3632, stack(0x0000000feb900000,0x0000000feba00000)]
  0x00000127df129ea0 JavaThread "Execution worker Thread 7" [_thread_blocked, id=2700, stack(0x0000000feba00000,0x0000000febb00000)]
  0x00000127df12d390 JavaThread "Cache worker for execution history cache (C:\Users\alunoinfo.DESKTOP-FFTGG6Q\Desktop\Proj140526\.gradle\8.0\executionHistory)" [_thread_blocked, id=7820, stack(0x0000000febb00000,0x0000000febc00000)]
  0x00000127df1299d0 JavaThread "WorkerExecutor Queue" [_thread_in_Java, id=10900, stack(0x0000000febc00000,0x0000000febd00000)]
  0x00000127df12a840 JavaThread "WorkerExecutor Queue Thread 2" [_thread_blocked, id=7824, stack(0x0000000febd00000,0x0000000febe00000)]
  0x00000127dd95b9b0 JavaThread "WorkerExecutor Queue Thread 3" [_thread_blocked, id=11756, stack(0x0000000febe00000,0x0000000febf00000)]
  0x00000127dd95be80 JavaThread "WorkerExecutor Queue Thread 4" [_thread_blocked, id=11492, stack(0x0000000febf00000,0x0000000fec000000)]
  0x00000127dd95b010 JavaThread "WorkerExecutor Queue Thread 5" [_thread_blocked, id=12224, stack(0x0000000fec000000,0x0000000fec100000)]
  0x00000127dd95b4e0 JavaThread "WorkerExecutor Queue Thread 6" [_thread_blocked, id=7104, stack(0x0000000fec100000,0x0000000fec200000)]
  0x00000127dd959330 JavaThread "WorkerExecutor Queue Thread 7" [_thread_blocked, id=1700, stack(0x0000000fec200000,0x0000000fec300000)]
  0x00000127dd9584c0 JavaThread "WorkerExecutor Queue Thread 8" [_thread_blocked, id=2476, stack(0x0000000fec300000,0x0000000fec400000)]
  0x00000127e98bf760 JavaThread "pool-5-thread-1" [_thread_blocked, id=3996, stack(0x0000000fec600000,0x0000000fec700000)]
  0x00000127e98c0100 JavaThread "stderr" [_thread_in_native, id=3580, stack(0x0000000fec700000,0x0000000fec800000)]
  0x00000127e98bedc0 JavaThread "stdout" [_thread_in_native, id=7600, stack(0x0000000fec800000,0x0000000fec900000)]
  0x00000127da03d4f0 JavaThread "ForkJoinPool-1-worker-1" daemon [_thread_blocked, id=9460, stack(0x0000000fec900000,0x0000000feca00000)]
  0x00000127ddd5b820 JavaThread "ForkJoinPool-1-worker-2" daemon [_thread_blocked, id=14284, stack(0x0000000feca00000,0x0000000fecb00000)]
  0x00000127e98bf290 JavaThread "ForkJoinPool-1-worker-3" daemon [_thread_blocked, id=11284, stack(0x0000000fecb00000,0x0000000fecc00000)]
  0x00000127dfc9a420 JavaThread "ForkJoinPool-1-worker-4" daemon [_thread_blocked, id=5740, stack(0x0000000fecc00000,0x0000000fecd00000)]
  0x00000127e98bfc30 JavaThread "ForkJoinPool-1-worker-5" daemon [_thread_blocked, id=7768, stack(0x0000000fecd00000,0x0000000fece00000)]
  0x00000127ddd5a4e0 JavaThread "ForkJoinPool-1-worker-6" daemon [_thread_in_Java, id=11700, stack(0x0000000fece00000,0x0000000fecf00000)]
  0x00000127f14d2530 JavaThread "ForkJoinPool-1-worker-7" daemon [_thread_blocked, id=3732, stack(0x0000000fecf00000,0x0000000fed000000)]
  0x00000127f14d2a00 JavaThread "ForkJoinPool-1-worker-8" daemon [_thread_blocked, id=6540, stack(0x0000000fed000000,0x0000000fed100000)]
=>0x00000127df560f00 JavaThread "C2 CompilerThread2" daemon [_thread_in_native, id=9260, stack(0x0000000fe4100000,0x0000000fe4200000)]

Other Threads:
  0x00000127d4871c60 VMThread "VM Thread" [stack: 0x0000000fe2700000,0x0000000fe2800000] [id=12272]
  0x00000127b7ea9620 WatcherThread [stack: 0x0000000fe3300000,0x0000000fe3400000] [id=13644]
  0x00000127b7e8c3a0 GCTaskThread "GC Thread#0" [stack: 0x0000000fe2200000,0x0000000fe2300000] [id=2060]
  0x00000127d54f7580 GCTaskThread "GC Thread#1" [stack: 0x0000000fe3600000,0x0000000fe3700000] [id=11240]
  0x00000127d54f7830 GCTaskThread "GC Thread#2" [stack: 0x0000000fe3700000,0x0000000fe3800000] [id=8440]
  0x00000127d54f7ae0 GCTaskThread "GC Thread#3" [stack: 0x0000000fe3800000,0x0000000fe3900000] [id=14020]
  0x00000127d53499e0 GCTaskThread "GC Thread#4" [stack: 0x0000000fe3900000,0x0000000fe3a00000] [id=5412]
  0x00000127d5349c90 GCTaskThread "GC Thread#5" [stack: 0x0000000fe3a00000,0x0000000fe3b00000] [id=2528]
  0x00000127d5d20d50 GCTaskThread "GC Thread#6" [stack: 0x0000000fe4500000,0x0000000fe4600000] [id=2812]
  0x00000127d63c9c10 GCTaskThread "GC Thread#7" [stack: 0x0000000fe4600000,0x0000000fe4700000] [id=3148]
  0x00000127b7e9d1f0 ConcurrentGCThread "G1 Main Marker" [stack: 0x0000000fe2300000,0x0000000fe2400000] [id=12680]
  0x00000127b7e9db10 ConcurrentGCThread "G1 Conc#0" [stack: 0x0000000fe2400000,0x0000000fe2500000] [id=6064]
  0x00000127d5ed3ff0 ConcurrentGCThread "G1 Conc#1" [stack: 0x0000000fe4700000,0x0000000fe4800000] [id=11008]
  0x00000127b7eee5c0 ConcurrentGCThread "G1 Refine#0" [stack: 0x0000000fe2500000,0x0000000fe2600000] [id=2760]
  0x00000127d8a68a00 ConcurrentGCThread "G1 Refine#1" [stack: 0x0000000fe5500000,0x0000000fe5600000] [id=6028]
  0x00000127d6ec90e0 ConcurrentGCThread "G1 Refine#2" [stack: 0x0000000fe5d00000,0x0000000fe5e00000] [id=4740]
  0x00000127d6ecaac0 ConcurrentGCThread "G1 Refine#3" [stack: 0x0000000fe5e00000,0x0000000fe5f00000] [id=9512]
  0x00000127d6ec8560 ConcurrentGCThread "G1 Refine#4" [stack: 0x0000000fe5f00000,0x0000000fe6000000] [id=7432]
  0x00000127d6ec7700 ConcurrentGCThread "G1 Refine#5" [stack: 0x0000000fe6000000,0x0000000fe6100000] [id=3264]
  0x00000127d6ecada0 ConcurrentGCThread "G1 Refine#6" [stack: 0x0000000fe6100000,0x0000000fe6200000] [id=4208]
  0x00000127d3613000 ConcurrentGCThread "G1 Service" [stack: 0x0000000fe2600000,0x0000000fe2700000] [id=10836]

Threads with active compile tasks:
C2 CompilerThread0  1547172 27069       4       com.android.tools.r8.dex.K::a (653 bytes)
C2 CompilerThread1  1547172 27112       4       com.android.tools.r8.internal.M4::c (80 bytes)
C2 CompilerThread2  1547173 26872 %     4       com.android.tools.r8.dex.K::a @ 1170 (3026 bytes)

VM state: not at safepoint (normal execution)

VM Mutex/Monitor currently owned by a thread: None

Heap address: 0x0000000080000000, size: 2048 MB, Compressed Oops mode: 32-bit

CDS archive(s) not mapped
Compressed class space mapped at: 0x0000000100000000-0x0000000140000000, reserved size: 1073741824
Narrow klass base: 0x0000000000000000, Narrow klass shift: 3, Narrow klass range: 0x140000000

GC Precious Log:
 CPUs: 8 total, 8 available
 Memory: 16039M
 Large Page Support: Disabled
 NUMA Support: Disabled
 Compressed Oops: Enabled (32-bit)
 Heap Region Size: 1M
 Heap Min Capacity: 8M
 Heap Initial Capacity: 252M
 Heap Max Capacity: 2G
 Pre-touch: Disabled
 Parallel Workers: 8
 Concurrent Workers: 2
 Concurrent Refinement Workers: 8
 Periodic GC: Disabled

Heap:
 garbage-first heap   total 819200K, used 615678K [0x0000000080000000, 0x0000000100000000)
  region size 1024K, 164 young (167936K), 19 survivors (19456K)
 Metaspace       used 195370K, committed 196480K, reserved 1220608K
  class space    used 25325K, committed 25856K, reserved 1048576K

Heap Regions: E=young(eden), S=young(survivor), O=old, HS=humongous(starts), HC=humongous(continues), CS=collection set, F=free, OA=open archive, CA=closed archive, TAMS=top-at-mark-start (previous, next)
|   0|0x0000000080000000, 0x0000000080100000, 0x0000000080100000|100%|HS|  |TAMS 0x0000000080100000, 0x0000000080000000| Complete 
|   1|0x0000000080100000, 0x0000000080200000, 0x0000000080200000|100%|HC|  |TAMS 0x0000000080200000, 0x0000000080100000| Complete 
|   2|0x0000000080200000, 0x0000000080300000, 0x0000000080300000|100%|HC|  |TAMS 0x0000000080300000, 0x0000000080200000| Complete 
|   3|0x0000000080300000, 0x0000000080400000, 0x0000000080400000|100%|HC|  |TAMS 0x0000000080400000, 0x0000000080300000| Complete 
|   4|0x0000000080400000, 0x0000000080500000, 0x0000000080500000|100%| O|  |TAMS 0x0000000080500000, 0x0000000080400000| Untracked 
|   5|0x0000000080500000, 0x0000000080600000, 0x0000000080600000|100%| O|  |TAMS 0x0000000080600000, 0x0000000080500000| Untracked 
|   6|0x0000000080600000, 0x0000000080700000, 0x0000000080700000|100%| O|  |TAMS 0x0000000080700000, 0x0000000080600000| Untracked 
|   7|0x0000000080700000, 0x0000000080800000, 0x0000000080800000|100%| O|  |TAMS 0x0000000080800000, 0x0000000080700000| Untracked 
|   8|0x0000000080800000, 0x0000000080900000, 0x0000000080900000|100%| O|  |TAMS 0x0000000080900000, 0x0000000080800000| Untracked 
|   9|0x0000000080900000, 0x0000000080a00000, 0x0000000080a00000|100%| O|  |TAMS 0x0000000080a00000, 0x0000000080900000| Untracked 
|  10|0x0000000080a00000, 0x0000000080b00000, 0x0000000080b00000|100%| O|  |TAMS 0x0000000080b00000, 0x0000000080a00000| Untracked 
|  11|0x0000000080b00000, 0x0000000080c00000, 0x0000000080c00000|100%| O|  |TAMS 0x0000000080c00000, 0x0000000080b00000| Untracked 
|  12|0x0000000080c00000, 0x0000000080d00000, 0x0000000080d00000|100%| O|  |TAMS 0x0000000080d00000, 0x0000000080c00000| Untracked 
|  13|0x0000000080d00000, 0x0000000080e00000, 0x0000000080e00000|100%| O|  |TAMS 0x0000000080e00000, 0x0000000080d00000| Untracked 
|  14|0x0000000080e00000, 0x0000000080f00000, 0x0000000080f00000|100%| O|  |TAMS 0x0000000080f00000, 0x0000000080e00000| Untracked 
|  15|0x0000000080f00000, 0x0000000081000000, 0x0000000081000000|100%| O|  |TAMS 0x0000000081000000, 0x0000000080f00000| Untracked 
|  16|0x0000000081000000, 0x0000000081100000, 0x0000000081100000|100%| O|  |TAMS 0x0000000081100000, 0x0000000081000000| Untracked 
|  17|0x0000000081100000, 0x0000000081200000, 0x0000000081200000|100%| O|  |TAMS 0x0000000081200000, 0x0000000081100000| Untracked 
|  18|0x0000000081200000, 0x0000000081300000, 0x0000000081300000|100%| O|  |TAMS 0x0000000081300000, 0x0000000081200000| Untracked 
|  19|0x0000000081300000, 0x0000000081400000, 0x0000000081400000|100%|HS|  |TAMS 0x0000000081400000, 0x0000000081300000| Complete 
|  20|0x0000000081400000, 0x0000000081500000, 0x0000000081500000|100%|HC|  |TAMS 0x0000000081500000, 0x0000000081400000| Complete 
|  21|0x0000000081500000, 0x0000000081600000, 0x0000000081600000|100%|HS|  |TAMS 0x0000000081600000, 0x0000000081500000| Complete 
|  22|0x0000000081600000, 0x0000000081700000, 0x0000000081700000|100%|HC|  |TAMS 0x0000000081700000, 0x0000000081600000| Complete 
|  23|0x0000000081700000, 0x0000000081800000, 0x0000000081800000|100%|HC|  |TAMS 0x0000000081800000, 0x0000000081700000| Complete 
|  24|0x0000000081800000, 0x0000000081900000, 0x0000000081900000|100%| O|  |TAMS 0x0000000081900000, 0x0000000081800000| Untracked 
|  25|0x0000000081900000, 0x0000000081a00000, 0x0000000081a00000|100%| O|  |TAMS 0x0000000081a00000, 0x0000000081900000| Untracked 
|  26|0x0000000081a00000, 0x0000000081b00000, 0x0000000081b00000|100%| O|  |TAMS 0x0000000081b00000, 0x0000000081a00000| Untracked 
|  27|0x0000000081b00000, 0x0000000081c00000, 0x0000000081c00000|100%|HS|  |TAMS 0x0000000081c00000, 0x0000000081b00000| Complete 
|  28|0x0000000081c00000, 0x0000000081d00000, 0x0000000081d00000|100%|HC|  |TAMS 0x0000000081d00000, 0x0000000081c00000| Complete 
|  29|0x0000000081d00000, 0x0000000081e00000, 0x0000000081e00000|100%|HC|  |TAMS 0x0000000081e00000, 0x0000000081d00000| Complete 
|  30|0x0000000081e00000, 0x0000000081f00000, 0x0000000081f00000|100%| O|  |TAMS 0x0000000081f00000, 0x0000000081e00000| Untracked 
|  31|0x0000000081f00000, 0x0000000082000000, 0x0000000082000000|100%| O|  |TAMS 0x0000000082000000, 0x0000000081f00000| Untracked 
|  32|0x0000000082000000, 0x0000000082100000, 0x0000000082100000|100%| O|  |TAMS 0x0000000082100000, 0x0000000082000000| Untracked 
|  33|0x0000000082100000, 0x0000000082200000, 0x0000000082200000|100%| O|  |TAMS 0x0000000082200000, 0x0000000082100000| Untracked 
|  34|0x0000000082200000, 0x0000000082300000, 0x0000000082300000|100%|HS|  |TAMS 0x0000000082300000, 0x0000000082200000| Complete 
|  35|0x0000000082300000, 0x0000000082400000, 0x0000000082400000|100%|HC|  |TAMS 0x0000000082400000, 0x0000000082300000| Complete 
|  36|0x0000000082400000, 0x0000000082500000, 0x0000000082500000|100%| O|  |TAMS 0x0000000082500000, 0x0000000082400000| Untracked 
|  37|0x0000000082500000, 0x0000000082600000, 0x0000000082600000|100%| O|  |TAMS 0x0000000082600000, 0x0000000082500000| Untracked 
|  38|0x0000000082600000, 0x0000000082700000, 0x0000000082700000|100%| O|  |TAMS 0x0000000082700000, 0x0000000082600000| Untracked 
|  39|0x0000000082700000, 0x0000000082800000, 0x0000000082800000|100%| O|  |TAMS 0x0000000082800000, 0x0000000082700000| Untracked 
|  40|0x0000000082800000, 0x0000000082900000, 0x0000000082900000|100%| O|  |TAMS 0x0000000082900000, 0x0000000082800000| Untracked 
|  41|0x0000000082900000, 0x0000000082a00000, 0x0000000082a00000|100%| O|  |TAMS 0x0000000082a00000, 0x0000000082900000| Untracked 
|  42|0x0000000082a00000, 0x0000000082b00000, 0x0000000082b00000|100%| O|  |TAMS 0x0000000082b00000, 0x0000000082a00000| Untracked 
|  43|0x0000000082b00000, 0x0000000082c00000, 0x0000000082c00000|100%|HS|  |TAMS 0x0000000082c00000, 0x0000000082b00000| Complete 
|  44|0x0000000082c00000, 0x0000000082d00000, 0x0000000082d00000|100%|HC|  |TAMS 0x0000000082d00000, 0x0000000082c00000| Complete 
|  45|0x0000000082d00000, 0x0000000082e00000, 0x0000000082e00000|100%|HC|  |TAMS 0x0000000082e00000, 0x0000000082d00000| Complete 
|  46|0x0000000082e00000, 0x0000000082f00000, 0x0000000082f00000|100%|HS|  |TAMS 0x0000000082f00000, 0x0000000082e00000| Complete 
|  47|0x0000000082f00000, 0x0000000083000000, 0x0000000083000000|100%|HC|  |TAMS 0x0000000083000000, 0x0000000082f00000| Complete 
|  48|0x0000000083000000, 0x0000000083100000, 0x0000000083100000|100%|HC|  |TAMS 0x0000000083100000, 0x0000000083000000| Complete 
|  49|0x0000000083100000, 0x0000000083200000, 0x0000000083200000|100%|HC|  |TAMS 0x0000000083200000, 0x0000000083100000| Complete 
|  50|0x0000000083200000, 0x0000000083300000, 0x0000000083300000|100%|HC|  |TAMS 0x0000000083300000, 0x0000000083200000| Complete 
|  51|0x0000000083300000, 0x0000000083400000, 0x0000000083400000|100%|HC|  |TAMS 0x0000000083400000, 0x0000000083300000| Complete 
|  52|0x0000000083400000, 0x0000000083500000, 0x0000000083500000|100%|HC|  |TAMS 0x0000000083500000, 0x0000000083400000| Complete 
|  53|0x0000000083500000, 0x0000000083600000, 0x0000000083600000|100%|HC|  |TAMS 0x0000000083600000, 0x0000000083500000| Complete 
|  54|0x0000000083600000, 0x0000000083700000, 0x0000000083700000|100%|HC|  |TAMS 0x0000000083700000, 0x0000000083600000| Complete 
|  55|0x0000000083700000, 0x0000000083800000, 0x0000000083800000|100%|HC|  |TAMS 0x0000000083800000, 0x0000000083700000| Complete 
|  56|0x0000000083800000, 0x0000000083900000, 0x0000000083900000|100%|HC|  |TAMS 0x0000000083900000, 0x0000000083800000| Complete 
|  57|0x0000000083900000, 0x0000000083a00000, 0x0000000083a00000|100%|HC|  |TAMS 0x0000000083a00000, 0x0000000083900000| Complete 
|  58|0x0000000083a00000, 0x0000000083b00000, 0x0000000083b00000|100%| O|  |TAMS 0x0000000083b00000, 0x0000000083a00000| Untracked 
|  59|0x0000000083b00000, 0x0000000083c00000, 0x0000000083c00000|100%| O|  |TAMS 0x0000000083c00000, 0x0000000083b00000| Untracked 
|  60|0x0000000083c00000, 0x0000000083d00000, 0x0000000083d00000|100%| O|  |TAMS 0x0000000083d00000, 0x0000000083c00000| Untracked 
|  61|0x0000000083d00000, 0x0000000083e00000, 0x0000000083e00000|100%|HS|  |TAMS 0x0000000083e00000, 0x0000000083d00000| Complete 
|  62|0x0000000083e00000, 0x0000000083f00000, 0x0000000083f00000|100%|HC|  |TAMS 0x0000000083f00000, 0x0000000083e00000| Complete 
|  63|0x0000000083f00000, 0x0000000084000000, 0x0000000084000000|100%|HC|  |TAMS 0x0000000084000000, 0x0000000083f00000| Complete 
|  64|0x0000000084000000, 0x0000000084100000, 0x0000000084100000|100%| O|  |TAMS 0x0000000084100000, 0x0000000084000000| Untracked 
|  65|0x0000000084100000, 0x0000000084200000, 0x0000000084200000|100%| O|  |TAMS 0x0000000084200000, 0x0000000084100000| Untracked 
|  66|0x0000000084200000, 0x0000000084300000, 0x0000000084300000|100%| O|  |TAMS 0x0000000084300000, 0x0000000084200000| Untracked 
|  67|0x0000000084300000, 0x0000000084400000, 0x0000000084400000|100%| O|  |TAMS 0x0000000084400000, 0x0000000084300000| Untracked 
|  68|0x0000000084400000, 0x0000000084500000, 0x0000000084500000|100%| O|  |TAMS 0x0000000084500000, 0x0000000084400000| Untracked 
|  69|0x0000000084500000, 0x0000000084600000, 0x0000000084600000|100%| O|  |TAMS 0x0000000084600000, 0x0000000084500000| Untracked 
|  70|0x0000000084600000, 0x0000000084700000, 0x0000000084700000|100%|HS|  |TAMS 0x0000000084700000, 0x0000000084600000| Complete 
|  71|0x0000000084700000, 0x0000000084800000, 0x0000000084800000|100%|HC|  |TAMS 0x0000000084800000, 0x0000000084700000| Complete 
|  72|0x0000000084800000, 0x0000000084900000, 0x0000000084900000|100%|HC|  |TAMS 0x0000000084900000, 0x0000000084800000| Complete 
|  73|0x0000000084900000, 0x0000000084a00000, 0x0000000084a00000|100%|HC|  |TAMS 0x0000000084a00000, 0x0000000084900000| Complete 
|  74|0x0000000084a00000, 0x0000000084b00000, 0x0000000084b00000|100%| O|  |TAMS 0x0000000084b00000, 0x0000000084a00000| Untracked 
|  75|0x0000000084b00000, 0x0000000084c00000, 0x0000000084c00000|100%| O|  |TAMS 0x0000000084c00000, 0x0000000084b00000| Untracked 
|  76|0x0000000084c00000, 0x0000000084d00000, 0x0000000084d00000|100%| O|  |TAMS 0x0000000084d00000, 0x0000000084c00000| Untracked 
|  77|0x0000000084d00000, 0x0000000084e00000, 0x0000000084e00000|100%| O|  |TAMS 0x0000000084e00000, 0x0000000084d00000| Untracked 
|  78|0x0000000084e00000, 0x0000000084f00000, 0x0000000084f00000|100%| O|  |TAMS 0x0000000084f00000, 0x0000000084e00000| Untracked 
|  79|0x0000000084f00000, 0x0000000085000000, 0x0000000085000000|100%| O|  |TAMS 0x0000000085000000, 0x0000000084f00000| Untracked 
|  80|0x0000000085000000, 0x0000000085100000, 0x0000000085100000|100%| O|  |TAMS 0x0000000085100000, 0x0000000085000000| Untracked 
|  81|0x0000000085100000, 0x0000000085200000, 0x0000000085200000|100%| O|  |TAMS 0x0000000085200000, 0x0000000085100000| Untracked 
|  82|0x0000000085200000, 0x0000000085300000, 0x0000000085300000|100%| O|  |TAMS 0x0000000085300000, 0x0000000085200000| Untracked 
|  83|0x0000000085300000, 0x0000000085400000, 0x0000000085400000|100%| O|  |TAMS 0x0000000085400000, 0x0000000085300000| Untracked 
|  84|0x0000000085400000, 0x0000000085500000, 0x0000000085500000|100%| O|  |TAMS 0x0000000085500000, 0x0000000085400000| Untracked 
|  85|0x0000000085500000, 0x0000000085600000, 0x0000000085600000|100%| O|  |TAMS 0x0000000085600000, 0x0000000085500000| Untracked 
|  86|0x0000000085600000, 0x0000000085700000, 0x0000000085700000|100%| O|  |TAMS 0x0000000085700000, 0x0000000085600000| Untracked 
|  87|0x0000000085700000, 0x0000000085800000, 0x0000000085800000|100%| O|  |TAMS 0x0000000085800000, 0x0000000085700000| Untracked 
|  88|0x0000000085800000, 0x0000000085900000, 0x0000000085900000|100%| O|  |TAMS 0x0000000085900000, 0x0000000085800000| Untracked 
|  89|0x0000000085900000, 0x0000000085a00000, 0x0000000085a00000|100%| O|  |TAMS 0x0000000085a00000, 0x0000000085900000| Untracked 
|  90|0x0000000085a00000, 0x0000000085b00000, 0x0000000085b00000|100%| O|  |TAMS 0x0000000085b00000, 0x0000000085a00000| Untracked 
|  91|0x0000000085b00000, 0x0000000085c00000, 0x0000000085c00000|100%| O|  |TAMS 0x0000000085b00000, 0x0000000085b00000| Untracked 
|  92|0x0000000085c00000, 0x0000000085d00000, 0x0000000085d00000|100%| O|  |TAMS 0x0000000085d00000, 0x0000000085c00000| Untracked 
|  93|0x0000000085d00000, 0x0000000085e00000, 0x0000000085e00000|100%| O|  |TAMS 0x0000000085d00000, 0x0000000085d00000| Untracked 
|  94|0x0000000085e00000, 0x0000000085f00000, 0x0000000085f00000|100%| O|  |TAMS 0x0000000085f00000, 0x0000000085e00000| Untracked 
|  95|0x0000000085f00000, 0x0000000086000000, 0x0000000086000000|100%| O|  |TAMS 0x0000000086000000, 0x0000000085f00000| Untracked 
|  96|0x0000000086000000, 0x0000000086100000, 0x0000000086100000|100%| O|  |TAMS 0x0000000086100000, 0x0000000086000000| Untracked 
|  97|0x0000000086100000, 0x0000000086200000, 0x0000000086200000|100%| O|  |TAMS 0x0000000086200000, 0x0000000086100000| Untracked 
|  98|0x0000000086200000, 0x0000000086300000, 0x0000000086300000|100%| O|  |TAMS 0x0000000086300000, 0x0000000086200000| Untracked 
|  99|0x0000000086300000, 0x0000000086400000, 0x0000000086400000|100%| O|  |TAMS 0x0000000086400000, 0x0000000086300000| Untracked 
| 100|0x0000000086400000, 0x0000000086500000, 0x0000000086500000|100%| O|  |TAMS 0x0000000086500000, 0x0000000086400000| Untracked 
| 101|0x0000000086500000, 0x0000000086600000, 0x0000000086600000|100%| O|  |TAMS 0x0000000086600000, 0x0000000086500000| Untracked 
| 102|0x0000000086600000, 0x0000000086700000, 0x0000000086700000|100%| O|  |TAMS 0x0000000086700000, 0x0000000086600000| Untracked 
| 103|0x0000000086700000, 0x0000000086800000, 0x0000000086800000|100%| O|  |TAMS 0x0000000086700000, 0x0000000086700000| Untracked 
| 104|0x0000000086800000, 0x0000000086900000, 0x0000000086900000|100%| O|  |TAMS 0x0000000086800000, 0x0000000086800000| Untracked 
| 105|0x0000000086900000, 0x0000000086a00000, 0x0000000086a00000|100%| O|  |TAMS 0x0000000086900000, 0x0000000086900000| Untracked 
| 106|0x0000000086a00000, 0x0000000086b00000, 0x0000000086b00000|100%| O|  |TAMS 0x0000000086a00000, 0x0000000086a00000| Untracked 
| 107|0x0000000086b00000, 0x0000000086c00000, 0x0000000086c00000|100%| O|  |TAMS 0x0000000086b00000, 0x0000000086b00000| Untracked 
| 108|0x0000000086c00000, 0x0000000086d00000, 0x0000000086d00000|100%| O|  |TAMS 0x0000000086d00000, 0x0000000086c00000| Untracked 
| 109|0x0000000086d00000, 0x0000000086e00000, 0x0000000086e00000|100%| O|  |TAMS 0x0000000086e00000, 0x0000000086d00000| Untracked 
| 110|0x0000000086e00000, 0x0000000086f00000, 0x0000000086f00000|100%| O|  |TAMS 0x0000000086f00000, 0x0000000086e00000| Untracked 
| 111|0x0000000086f00000, 0x0000000087000000, 0x0000000087000000|100%| O|  |TAMS 0x0000000087000000, 0x0000000086f00000| Untracked 
| 112|0x0000000087000000, 0x0000000087100000, 0x0000000087100000|100%|HS|  |TAMS 0x0000000087100000, 0x0000000087000000| Complete 
| 113|0x0000000087100000, 0x0000000087200000, 0x0000000087200000|100%|HS|  |TAMS 0x0000000087200000, 0x0000000087100000| Complete 
| 114|0x0000000087200000, 0x0000000087300000, 0x0000000087300000|100%|HS|  |TAMS 0x0000000087300000, 0x0000000087200000| Complete 
| 115|0x0000000087300000, 0x0000000087400000, 0x0000000087400000|100%| O|  |TAMS 0x0000000087400000, 0x0000000087300000| Untracked 
| 116|0x0000000087400000, 0x0000000087500000, 0x0000000087500000|100%| O|  |TAMS 0x0000000087500000, 0x0000000087400000| Untracked 
| 117|0x0000000087500000, 0x0000000087600000, 0x0000000087600000|100%| O|  |TAMS 0x0000000087600000, 0x0000000087500000| Untracked 
| 118|0x0000000087600000, 0x0000000087700000, 0x0000000087700000|100%| O|  |TAMS 0x0000000087700000, 0x0000000087600000| Untracked 
| 119|0x0000000087700000, 0x0000000087800000, 0x0000000087800000|100%| O|  |TAMS 0x0000000087800000, 0x0000000087700000| Untracked 
| 120|0x0000000087800000, 0x0000000087900000, 0x0000000087900000|100%| O|  |TAMS 0x0000000087900000, 0x0000000087800000| Untracked 
| 121|0x0000000087900000, 0x0000000087a00000, 0x0000000087a00000|100%| O|  |TAMS 0x0000000087a00000, 0x0000000087900000| Untracked 
| 122|0x0000000087a00000, 0x0000000087b00000, 0x0000000087b00000|100%| O|  |TAMS 0x0000000087b00000, 0x0000000087a00000| Untracked 
| 123|0x0000000087b00000, 0x0000000087c00000, 0x0000000087c00000|100%| O|  |TAMS 0x0000000087c00000, 0x0000000087b00000| Untracked 
| 124|0x0000000087c00000, 0x0000000087d00000, 0x0000000087d00000|100%| O|  |TAMS 0x0000000087d00000, 0x0000000087c00000| Untracked 
| 125|0x0000000087d00000, 0x0000000087e00000, 0x0000000087e00000|100%| O|  |TAMS 0x0000000087e00000, 0x0000000087d00000| Untracked 
| 126|0x0000000087e00000, 0x0000000087f00000, 0x0000000087f00000|100%| O|  |TAMS 0x0000000087f00000, 0x0000000087e00000| Untracked 
| 127|0x0000000087f00000, 0x0000000088000000, 0x0000000088000000|100%| O|  |TAMS 0x0000000088000000, 0x0000000087f00000| Untracked 
| 128|0x0000000088000000, 0x0000000088100000, 0x0000000088100000|100%| O|  |TAMS 0x0000000088000000, 0x0000000088000000| Untracked 
| 129|0x0000000088100000, 0x0000000088200000, 0x0000000088200000|100%| O|  |TAMS 0x0000000088100000, 0x0000000088100000| Untracked 
| 130|0x0000000088200000, 0x0000000088300000, 0x0000000088300000|100%| O|  |TAMS 0x0000000088200000, 0x0000000088200000| Untracked 
| 131|0x0000000088300000, 0x0000000088400000, 0x0000000088400000|100%|HS|  |TAMS 0x0000000088400000, 0x0000000088300000| Complete 
| 132|0x0000000088400000, 0x0000000088500000, 0x0000000088500000|100%|HC|  |TAMS 0x0000000088500000, 0x0000000088400000| Complete 
| 133|0x0000000088500000, 0x0000000088600000, 0x0000000088600000|100%|HS|  |TAMS 0x0000000088600000, 0x0000000088500000| Complete 
| 134|0x0000000088600000, 0x0000000088700000, 0x0000000088700000|100%|HC|  |TAMS 0x0000000088700000, 0x0000000088600000| Complete 
| 135|0x0000000088700000, 0x0000000088800000, 0x0000000088800000|100%|HC|  |TAMS 0x0000000088800000, 0x0000000088700000| Complete 
| 136|0x0000000088800000, 0x0000000088900000, 0x0000000088900000|100%|HS|  |TAMS 0x0000000088900000, 0x0000000088800000| Complete 
| 137|0x0000000088900000, 0x0000000088a00000, 0x0000000088a00000|100%|HC|  |TAMS 0x0000000088a00000, 0x0000000088900000| Complete 
| 138|0x0000000088a00000, 0x0000000088b00000, 0x0000000088b00000|100%|HC|  |TAMS 0x0000000088b00000, 0x0000000088a00000| Complete 
| 139|0x0000000088b00000, 0x0000000088c00000, 0x0000000088c00000|100%|HS|  |TAMS 0x0000000088c00000, 0x0000000088b00000| Complete 
| 140|0x0000000088c00000, 0x0000000088d00000, 0x0000000088d00000|100%|HC|  |TAMS 0x0000000088d00000, 0x0000000088c00000| Complete 
| 141|0x0000000088d00000, 0x0000000088e00000, 0x0000000088e00000|100%|HC|  |TAMS 0x0000000088e00000, 0x0000000088d00000| Complete 
| 142|0x0000000088e00000, 0x0000000088f00000, 0x0000000088f00000|100%|HC|  |TAMS 0x0000000088f00000, 0x0000000088e00000| Complete 
| 143|0x0000000088f00000, 0x0000000089000000, 0x0000000089000000|100%|HC|  |TAMS 0x0000000089000000, 0x0000000088f00000| Complete 
| 144|0x0000000089000000, 0x0000000089100000, 0x0000000089100000|100%|HC|  |TAMS 0x0000000089100000, 0x0000000089000000| Complete 
| 145|0x0000000089100000, 0x0000000089200000, 0x0000000089200000|100%|HC|  |TAMS 0x0000000089200000, 0x0000000089100000| Complete 
| 146|0x0000000089200000, 0x0000000089300000, 0x0000000089300000|100%|HC|  |TAMS 0x0000000089300000, 0x0000000089200000| Complete 
| 147|0x0000000089300000, 0x0000000089400000, 0x0000000089400000|100%|HC|  |TAMS 0x0000000089400000, 0x0000000089300000| Complete 
| 148|0x0000000089400000, 0x0000000089500000, 0x0000000089500000|100%|HC|  |TAMS 0x0000000089500000, 0x0000000089400000| Complete 
| 149|0x0000000089500000, 0x0000000089600000, 0x0000000089600000|100%|HC|  |TAMS 0x0000000089600000, 0x0000000089500000| Complete 
| 150|0x0000000089600000, 0x0000000089700000, 0x0000000089700000|100%|HC|  |TAMS 0x0000000089700000, 0x0000000089600000| Complete 
| 151|0x0000000089700000, 0x0000000089800000, 0x0000000089800000|100%|HS|  |TAMS 0x0000000089800000, 0x0000000089700000| Complete 
| 152|0x0000000089800000, 0x0000000089900000, 0x0000000089900000|100%|HC|  |TAMS 0x0000000089900000, 0x0000000089800000| Complete 
| 153|0x0000000089900000, 0x0000000089a00000, 0x0000000089a00000|100%| O|  |TAMS 0x0000000089a00000, 0x0000000089900000| Untracked 
| 154|0x0000000089a00000, 0x0000000089b00000, 0x0000000089b00000|100%|HS|  |TAMS 0x0000000089a00000, 0x0000000089a00000| Complete 
| 155|0x0000000089b00000, 0x0000000089c00000, 0x0000000089c00000|100%| O|  |TAMS 0x0000000089c00000, 0x0000000089b00000| Untracked 
| 156|0x0000000089c00000, 0x0000000089d00000, 0x0000000089d00000|100%| O|  |TAMS 0x0000000089d00000, 0x0000000089c00000| Untracked 
| 157|0x0000000089d00000, 0x0000000089e00000, 0x0000000089e00000|100%| O|  |TAMS 0x0000000089e00000, 0x0000000089d00000| Untracked 
| 158|0x0000000089e00000, 0x0000000089f00000, 0x0000000089f00000|100%| O|  |TAMS 0x0000000089f00000, 0x0000000089e00000| Untracked 
| 159|0x0000000089f00000, 0x000000008a000000, 0x000000008a000000|100%| O|  |TAMS 0x000000008a000000, 0x0000000089f00000| Untracked 
| 160|0x000000008a000000, 0x000000008a100000, 0x000000008a100000|100%| O|  |TAMS 0x000000008a100000, 0x000000008a000000| Untracked 
| 161|0x000000008a100000, 0x000000008a200000, 0x000000008a200000|100%| O|  |TAMS 0x000000008a200000, 0x000000008a100000| Untracked 
| 162|0x000000008a200000, 0x000000008a300000, 0x000000008a300000|100%| O|  |TAMS 0x000000008a300000, 0x000000008a200000| Untracked 
| 163|0x000000008a300000, 0x000000008a400000, 0x000000008a400000|100%| O|  |TAMS 0x000000008a400000, 0x000000008a300000| Untracked 
| 164|0x000000008a400000, 0x000000008a500000, 0x000000008a500000|100%| O|  |TAMS 0x000000008a500000, 0x000000008a400000| Untracked 
| 165|0x000000008a500000, 0x000000008a600000, 0x000000008a600000|100%| O|  |TAMS 0x000000008a600000, 0x000000008a500000| Untracked 
| 166|0x000000008a600000, 0x000000008a700000, 0x000000008a700000|100%| O|  |TAMS 0x000000008a700000, 0x000000008a600000| Untracked 
| 167|0x000000008a700000, 0x000000008a800000, 0x000000008a800000|100%| O|  |TAMS 0x000000008a800000, 0x000000008a700000| Untracked 
| 168|0x000000008a800000, 0x000000008a900000, 0x000000008a900000|100%| O|  |TAMS 0x000000008a900000, 0x000000008a800000| Untracked 
| 169|0x000000008a900000, 0x000000008aa00000, 0x000000008aa00000|100%| O|  |TAMS 0x000000008aa00000, 0x000000008a900000| Untracked 
| 170|0x000000008aa00000, 0x000000008ab00000, 0x000000008ab00000|100%| O|  |TAMS 0x000000008ab00000, 0x000000008aa00000| Untracked 
| 171|0x000000008ab00000, 0x000000008ac00000, 0x000000008ac00000|100%| O|  |TAMS 0x000000008ac00000, 0x000000008ab00000| Untracked 
| 172|0x000000008ac00000, 0x000000008ad00000, 0x000000008ad00000|100%| O|  |TAMS 0x000000008ad00000, 0x000000008ac00000| Untracked 
| 173|0x000000008ad00000, 0x000000008ae00000, 0x000000008ae00000|100%|HS|  |TAMS 0x000000008ad00000, 0x000000008ad00000| Complete 
| 174|0x000000008ae00000, 0x000000008af00000, 0x000000008af00000|100%| O|  |TAMS 0x000000008af00000, 0x000000008ae00000| Untracked 
| 175|0x000000008af00000, 0x000000008b000000, 0x000000008b000000|100%|HS|  |TAMS 0x000000008af00000, 0x000000008af00000| Complete 
| 176|0x000000008b000000, 0x000000008b100000, 0x000000008b100000|100%|HC|  |TAMS 0x000000008b000000, 0x000000008b000000| Complete 
| 177|0x000000008b100000, 0x000000008b200000, 0x000000008b200000|100%| O|  |TAMS 0x000000008b200000, 0x000000008b100000| Untracked 
| 178|0x000000008b200000, 0x000000008b300000, 0x000000008b300000|100%| O|  |TAMS 0x000000008b300000, 0x000000008b200000| Untracked 
| 179|0x000000008b300000, 0x000000008b400000, 0x000000008b400000|100%| O|  |TAMS 0x000000008b400000, 0x000000008b300000| Untracked 
| 180|0x000000008b400000, 0x000000008b500000, 0x000000008b500000|100%| O|  |TAMS 0x000000008b500000, 0x000000008b400000| Untracked 
| 181|0x000000008b500000, 0x000000008b600000, 0x000000008b600000|100%| O|  |TAMS 0x000000008b600000, 0x000000008b500000| Untracked 
| 182|0x000000008b600000, 0x000000008b700000, 0x000000008b700000|100%| O|  |TAMS 0x000000008b700000, 0x000000008b600000| Untracked 
| 183|0x000000008b700000, 0x000000008b800000, 0x000000008b800000|100%| O|  |TAMS 0x000000008b800000, 0x000000008b700000| Untracked 
| 184|0x000000008b800000, 0x000000008b900000, 0x000000008b900000|100%| O|  |TAMS 0x000000008b900000, 0x000000008b800000| Untracked 
| 185|0x000000008b900000, 0x000000008ba00000, 0x000000008ba00000|100%| O|  |TAMS 0x000000008ba00000, 0x000000008b900000| Untracked 
| 186|0x000000008ba00000, 0x000000008bb00000, 0x000000008bb00000|100%|HS|  |TAMS 0x000000008ba00000, 0x000000008ba00000| Complete 
| 187|0x000000008bb00000, 0x000000008bc00000, 0x000000008bc00000|100%| O|  |TAMS 0x000000008bc00000, 0x000000008bb00000| Untracked 
| 188|0x000000008bc00000, 0x000000008bd00000, 0x000000008bd00000|100%| O|  |TAMS 0x000000008bd00000, 0x000000008bc00000| Untracked 
| 189|0x000000008bd00000, 0x000000008be00000, 0x000000008be00000|100%| O|  |TAMS 0x000000008be00000, 0x000000008bd00000| Untracked 
| 190|0x000000008be00000, 0x000000008bf00000, 0x000000008bf00000|100%| O|  |TAMS 0x000000008bf00000, 0x000000008be00000| Untracked 
| 191|0x000000008bf00000, 0x000000008c000000, 0x000000008c000000|100%|HS|  |TAMS 0x000000008bf00000, 0x000000008bf00000| Complete 
| 192|0x000000008c000000, 0x000000008c100000, 0x000000008c100000|100%|HC|  |TAMS 0x000000008c000000, 0x000000008c000000| Complete 
| 193|0x000000008c100000, 0x000000008c200000, 0x000000008c200000|100%|HS|  |TAMS 0x000000008c100000, 0x000000008c100000| Complete 
| 194|0x000000008c200000, 0x000000008c300000, 0x000000008c300000|100%|HC|  |TAMS 0x000000008c200000, 0x000000008c200000| Complete 
| 195|0x000000008c300000, 0x000000008c400000, 0x000000008c400000|100%| O|  |TAMS 0x000000008c400000, 0x000000008c300000| Untracked 
| 196|0x000000008c400000, 0x000000008c500000, 0x000000008c500000|100%| O|  |TAMS 0x000000008c500000, 0x000000008c400000| Untracked 
| 197|0x000000008c500000, 0x000000008c600000, 0x000000008c600000|100%| O|  |TAMS 0x000000008c600000, 0x000000008c500000| Untracked 
| 198|0x000000008c600000, 0x000000008c700000, 0x000000008c700000|100%| O|  |TAMS 0x000000008c700000, 0x000000008c600000| Untracked 
| 199|0x000000008c700000, 0x000000008c800000, 0x000000008c800000|100%| O|  |TAMS 0x000000008c800000, 0x000000008c700000| Untracked 
| 200|0x000000008c800000, 0x000000008c900000, 0x000000008c900000|100%| O|  |TAMS 0x000000008c800000, 0x000000008c800000| Untracked 
| 201|0x000000008c900000, 0x000000008ca00000, 0x000000008ca00000|100%| O|  |TAMS 0x000000008ca00000, 0x000000008c900000| Untracked 
| 202|0x000000008ca00000, 0x000000008cb00000, 0x000000008cb00000|100%| O|  |TAMS 0x000000008cb00000, 0x000000008ca00000| Untracked 
| 203|0x000000008cb00000, 0x000000008cc00000, 0x000000008cc00000|100%| O|  |TAMS 0x000000008cc00000, 0x000000008cb00000| Untracked 
| 204|0x000000008cc00000, 0x000000008cd00000, 0x000000008cd00000|100%| O|  |TAMS 0x000000008cd00000, 0x000000008cc00000| Untracked 
| 205|0x000000008cd00000, 0x000000008ce00000, 0x000000008ce00000|100%| O|  |TAMS 0x000000008ce00000, 0x000000008cd00000| Untracked 
| 206|0x000000008ce00000, 0x000000008cf00000, 0x000000008cf00000|100%| O|  |TAMS 0x000000008cf00000, 0x000000008ce00000| Untracked 
| 207|0x000000008cf00000, 0x000000008d000000, 0x000000008d000000|100%| O|  |TAMS 0x000000008cf00000, 0x000000008cf00000| Untracked 
| 208|0x000000008d000000, 0x000000008d100000, 0x000000008d100000|100%| O|  |TAMS 0x000000008d100000, 0x000000008d000000| Untracked 
| 209|0x000000008d100000, 0x000000008d200000, 0x000000008d200000|100%| O|  |TAMS 0x000000008d200000, 0x000000008d100000| Untracked 
| 210|0x000000008d200000, 0x000000008d300000, 0x000000008d300000|100%| O|  |TAMS 0x000000008d300000, 0x000000008d200000| Untracked 
| 211|0x000000008d300000, 0x000000008d400000, 0x000000008d400000|100%| O|  |TAMS 0x000000008d400000, 0x000000008d300000| Untracked 
| 212|0x000000008d400000, 0x000000008d500000, 0x000000008d500000|100%| O|  |TAMS 0x000000008d500000, 0x000000008d400000| Untracked 
| 213|0x000000008d500000, 0x000000008d600000, 0x000000008d600000|100%| O|  |TAMS 0x000000008d600000, 0x000000008d500000| Untracked 
| 214|0x000000008d600000, 0x000000008d700000, 0x000000008d700000|100%| O|  |TAMS 0x000000008d700000, 0x000000008d600000| Untracked 
| 215|0x000000008d700000, 0x000000008d800000, 0x000000008d800000|100%| O|  |TAMS 0x000000008d800000, 0x000000008d700000| Untracked 
| 216|0x000000008d800000, 0x000000008d900000, 0x000000008d900000|100%| O|  |TAMS 0x000000008d900000, 0x000000008d800000| Untracked 
| 217|0x000000008d900000, 0x000000008da00000, 0x000000008da00000|100%| O|  |TAMS 0x000000008da00000, 0x000000008d900000| Untracked 
| 218|0x000000008da00000, 0x000000008db00000, 0x000000008db00000|100%| O|  |TAMS 0x000000008db00000, 0x000000008da00000| Untracked 
| 219|0x000000008db00000, 0x000000008dc00000, 0x000000008dc00000|100%| O|  |TAMS 0x000000008db00000, 0x000000008db00000| Untracked 
| 220|0x000000008dc00000, 0x000000008dd00000, 0x000000008dd00000|100%| O|  |TAMS 0x000000008dd00000, 0x000000008dc00000| Untracked 
| 221|0x000000008dd00000, 0x000000008de00000, 0x000000008de00000|100%| O|  |TAMS 0x000000008de00000, 0x000000008dd00000| Untracked 
| 222|0x000000008de00000, 0x000000008df00000, 0x000000008df00000|100%| O|  |TAMS 0x000000008df00000, 0x000000008de00000| Untracked 
| 223|0x000000008df00000, 0x000000008e000000, 0x000000008e000000|100%| O|  |TAMS 0x000000008e000000, 0x000000008df00000| Untracked 
| 224|0x000000008e000000, 0x000000008e100000, 0x000000008e100000|100%| O|  |TAMS 0x000000008e100000, 0x000000008e000000| Untracked 
| 225|0x000000008e100000, 0x000000008e200000, 0x000000008e200000|100%| O|  |TAMS 0x000000008e200000, 0x000000008e100000| Untracked 
| 226|0x000000008e200000, 0x000000008e300000, 0x000000008e300000|100%| O|  |TAMS 0x000000008e300000, 0x000000008e200000| Untracked 
| 227|0x000000008e300000, 0x000000008e400000, 0x000000008e400000|100%| O|  |TAMS 0x000000008e400000, 0x000000008e300000| Untracked 
| 228|0x000000008e400000, 0x000000008e500000, 0x000000008e500000|100%| O|  |TAMS 0x000000008e500000, 0x000000008e400000| Untracked 
| 229|0x000000008e500000, 0x000000008e600000, 0x000000008e600000|100%| O|  |TAMS 0x000000008e600000, 0x000000008e500000| Untracked 
| 230|0x000000008e600000, 0x000000008e700000, 0x000000008e700000|100%| O|  |TAMS 0x000000008e700000, 0x000000008e600000| Untracked 
| 231|0x000000008e700000, 0x000000008e800000, 0x000000008e800000|100%| O|  |TAMS 0x000000008e800000, 0x000000008e700000| Untracked 
| 232|0x000000008e800000, 0x000000008e900000, 0x000000008e900000|100%| O|  |TAMS 0x000000008e900000, 0x000000008e800000| Untracked 
| 233|0x000000008e900000, 0x000000008ea00000, 0x000000008ea00000|100%|HS|  |TAMS 0x000000008e900000, 0x000000008e900000| Complete 
| 234|0x000000008ea00000, 0x000000008eb00000, 0x000000008eb00000|100%| O|  |TAMS 0x000000008eb00000, 0x000000008ea00000| Untracked 
| 235|0x000000008eb00000, 0x000000008ec00000, 0x000000008ec00000|100%| O|  |TAMS 0x000000008ec00000, 0x000000008eb00000| Untracked 
| 236|0x000000008ec00000, 0x000000008ed00000, 0x000000008ed00000|100%| O|  |TAMS 0x000000008ed00000, 0x000000008ec00000| Untracked 
| 237|0x000000008ed00000, 0x000000008ee00000, 0x000000008ee00000|100%| O|  |TAMS 0x000000008ee00000, 0x000000008ed00000| Untracked 
| 238|0x000000008ee00000, 0x000000008ef00000, 0x000000008ef00000|100%|HS|  |TAMS 0x000000008ee00000, 0x000000008ee00000| Complete 
| 239|0x000000008ef00000, 0x000000008f000000, 0x000000008f000000|100%| O|  |TAMS 0x000000008f000000, 0x000000008ef00000| Untracked 
| 240|0x000000008f000000, 0x000000008f100000, 0x000000008f100000|100%| O|  |TAMS 0x000000008f100000, 0x000000008f000000| Untracked 
| 241|0x000000008f100000, 0x000000008f200000, 0x000000008f200000|100%| O|  |TAMS 0x000000008f200000, 0x000000008f100000| Untracked 
| 242|0x000000008f200000, 0x000000008f300000, 0x000000008f300000|100%| O|  |TAMS 0x000000008f300000, 0x000000008f200000| Untracked 
| 243|0x000000008f300000, 0x000000008f400000, 0x000000008f400000|100%| O|  |TAMS 0x000000008f400000, 0x000000008f300000| Untracked 
| 244|0x000000008f400000, 0x000000008f500000, 0x000000008f500000|100%| O|  |TAMS 0x000000008f500000, 0x000000008f400000| Untracked 
| 245|0x000000008f500000, 0x000000008f600000, 0x000000008f600000|100%| O|  |TAMS 0x000000008f600000, 0x000000008f500000| Untracked 
| 246|0x000000008f600000, 0x000000008f700000, 0x000000008f700000|100%| O|  |TAMS 0x000000008f700000, 0x000000008f600000| Untracked 
| 247|0x000000008f700000, 0x000000008f800000, 0x000000008f800000|100%| O|  |TAMS 0x000000008f800000, 0x000000008f700000| Untracked 
| 248|0x000000008f800000, 0x000000008f900000, 0x000000008f900000|100%| O|  |TAMS 0x000000008f900000, 0x000000008f800000| Untracked 
| 249|0x000000008f900000, 0x000000008fa00000, 0x000000008fa00000|100%| O|  |TAMS 0x000000008fa00000, 0x000000008f900000| Untracked 
| 250|0x000000008fa00000, 0x000000008fb00000, 0x000000008fb00000|100%| O|  |TAMS 0x000000008fb00000, 0x000000008fa00000| Untracked 
| 251|0x000000008fb00000, 0x000000008fc00000, 0x000000008fc00000|100%| O|  |TAMS 0x000000008fc00000, 0x000000008fb00000| Untracked 
| 252|0x000000008fc00000, 0x000000008fd00000, 0x000000008fd00000|100%| O|  |TAMS 0x000000008fd00000, 0x000000008fc00000| Untracked 
| 253|0x000000008fd00000, 0x000000008fe00000, 0x000000008fe00000|100%| O|  |TAMS 0x000000008fe00000, 0x000000008fd00000| Untracked 
| 254|0x000000008fe00000, 0x000000008ff00000, 0x000000008ff00000|100%| O|  |TAMS 0x000000008ff00000, 0x000000008fe00000| Untracked 
| 255|0x000000008ff00000, 0x0000000090000000, 0x0000000090000000|100%| O|  |TAMS 0x0000000090000000, 0x000000008ff00000| Untracked 
| 256|0x0000000090000000, 0x0000000090100000, 0x0000000090100000|100%| O|  |TAMS 0x0000000090100000, 0x0000000090000000| Untracked 
| 257|0x0000000090100000, 0x0000000090200000, 0x0000000090200000|100%| O|  |TAMS 0x0000000090100000, 0x0000000090100000| Untracked 
| 258|0x0000000090200000, 0x0000000090300000, 0x0000000090300000|100%|HS|  |TAMS 0x0000000090200000, 0x0000000090200000| Complete 
| 259|0x0000000090300000, 0x0000000090400000, 0x0000000090400000|100%|HC|  |TAMS 0x0000000090300000, 0x0000000090300000| Complete 
| 260|0x0000000090400000, 0x0000000090500000, 0x0000000090500000|100%|HS|  |TAMS 0x0000000090400000, 0x0000000090400000| Complete 
| 261|0x0000000090500000, 0x0000000090600000, 0x0000000090600000|100%|HC|  |TAMS 0x0000000090500000, 0x0000000090500000| Complete 
| 262|0x0000000090600000, 0x0000000090700000, 0x0000000090700000|100%|HC|  |TAMS 0x0000000090600000, 0x0000000090600000| Complete 
| 263|0x0000000090700000, 0x0000000090800000, 0x0000000090800000|100%| O|  |TAMS 0x0000000090700000, 0x0000000090700000| Untracked 
| 264|0x0000000090800000, 0x0000000090900000, 0x0000000090900000|100%|HS|  |TAMS 0x0000000090900000, 0x0000000090800000| Complete 
| 265|0x0000000090900000, 0x0000000090a00000, 0x0000000090a00000|100%|HC|  |TAMS 0x0000000090a00000, 0x0000000090900000| Complete 
| 266|0x0000000090a00000, 0x0000000090b00000, 0x0000000090b00000|100%| O|  |TAMS 0x0000000090b00000, 0x0000000090a00000| Untracked 
| 267|0x0000000090b00000, 0x0000000090c00000, 0x0000000090c00000|100%| O|  |TAMS 0x0000000090c00000, 0x0000000090b00000| Untracked 
| 268|0x0000000090c00000, 0x0000000090d00000, 0x0000000090d00000|100%| O|  |TAMS 0x0000000090d00000, 0x0000000090c00000| Untracked 
| 269|0x0000000090d00000, 0x0000000090e00000, 0x0000000090e00000|100%| O|  |TAMS 0x0000000090e00000, 0x0000000090d00000| Untracked 
| 270|0x0000000090e00000, 0x0000000090f00000, 0x0000000090f00000|100%| O|  |TAMS 0x0000000090f00000, 0x0000000090e00000| Untracked 
| 271|0x0000000090f00000, 0x0000000091000000, 0x0000000091000000|100%| O|  |TAMS 0x0000000091000000, 0x0000000090f00000| Untracked 
| 272|0x0000000091000000, 0x0000000091100000, 0x0000000091100000|100%| O|  |TAMS 0x0000000091100000, 0x0000000091000000| Untracked 
| 273|0x0000000091100000, 0x0000000091200000, 0x0000000091200000|100%| O|  |TAMS 0x0000000091200000, 0x0000000091100000| Untracked 
| 274|0x0000000091200000, 0x0000000091300000, 0x0000000091300000|100%| O|  |TAMS 0x0000000091300000, 0x0000000091200000| Untracked 
| 275|0x0000000091300000, 0x0000000091400000, 0x0000000091400000|100%| O|  |TAMS 0x0000000091400000, 0x0000000091300000| Untracked 
| 276|0x0000000091400000, 0x0000000091500000, 0x0000000091500000|100%| O|  |TAMS 0x0000000091500000, 0x0000000091400000| Untracked 
| 277|0x0000000091500000, 0x0000000091600000, 0x0000000091600000|100%| O|  |TAMS 0x0000000091600000, 0x0000000091500000| Untracked 
| 278|0x0000000091600000, 0x0000000091700000, 0x0000000091700000|100%| O|  |TAMS 0x0000000091700000, 0x0000000091600000| Untracked 
| 279|0x0000000091700000, 0x0000000091800000, 0x0000000091800000|100%| O|  |TAMS 0x0000000091800000, 0x0000000091700000| Untracked 
| 280|0x0000000091800000, 0x0000000091900000, 0x0000000091900000|100%| O|  |TAMS 0x0000000091900000, 0x0000000091800000| Untracked 
| 281|0x0000000091900000, 0x0000000091a00000, 0x0000000091a00000|100%| O|  |TAMS 0x0000000091a00000, 0x0000000091900000| Untracked 
| 282|0x0000000091a00000, 0x0000000091b00000, 0x0000000091b00000|100%| O|  |TAMS 0x0000000091b00000, 0x0000000091a00000| Untracked 
| 283|0x0000000091b00000, 0x0000000091c00000, 0x0000000091c00000|100%| O|  |TAMS 0x0000000091c00000, 0x0000000091b00000| Untracked 
| 284|0x0000000091c00000, 0x0000000091d00000, 0x0000000091d00000|100%|HS|  |TAMS 0x0000000091c00000, 0x0000000091c00000| Complete 
| 285|0x0000000091d00000, 0x0000000091e00000, 0x0000000091e00000|100%| O|  |TAMS 0x0000000091d00000, 0x0000000091d00000| Untracked 
| 286|0x0000000091e00000, 0x0000000091f00000, 0x0000000091f00000|100%| O|  |TAMS 0x0000000091e00000, 0x0000000091e00000| Untracked 
| 287|0x0000000091f00000, 0x0000000092000000, 0x0000000092000000|100%| O|  |TAMS 0x0000000091f00000, 0x0000000091f00000| Untracked 
| 288|0x0000000092000000, 0x0000000092100000, 0x0000000092100000|100%| O|  |TAMS 0x0000000092000000, 0x0000000092000000| Untracked 
| 289|0x0000000092100000, 0x0000000092200000, 0x0000000092200000|100%| O|  |TAMS 0x0000000092100000, 0x0000000092100000| Untracked 
| 290|0x0000000092200000, 0x0000000092300000, 0x0000000092300000|100%| O|  |TAMS 0x0000000092200000, 0x0000000092200000| Untracked 
| 291|0x0000000092300000, 0x0000000092400000, 0x0000000092400000|100%| O|  |TAMS 0x0000000092300000, 0x0000000092300000| Untracked 
| 292|0x0000000092400000, 0x0000000092500000, 0x0000000092500000|100%| O|  |TAMS 0x0000000092400000, 0x0000000092400000| Untracked 
| 293|0x0000000092500000, 0x0000000092600000, 0x0000000092600000|100%| O|  |TAMS 0x0000000092500000, 0x0000000092500000| Untracked 
| 294|0x0000000092600000, 0x0000000092700000, 0x0000000092700000|100%| O|  |TAMS 0x0000000092600000, 0x0000000092600000| Untracked 
| 295|0x0000000092700000, 0x0000000092800000, 0x0000000092800000|100%| O|  |TAMS 0x0000000092700000, 0x0000000092700000| Untracked 
| 296|0x0000000092800000, 0x0000000092900000, 0x0000000092900000|100%| O|  |TAMS 0x0000000092800000, 0x0000000092800000| Untracked 
| 297|0x0000000092900000, 0x0000000092a00000, 0x0000000092a00000|100%|HS|  |TAMS 0x0000000092900000, 0x0000000092900000| Complete 
| 298|0x0000000092a00000, 0x0000000092b00000, 0x0000000092b00000|100%|HC|  |TAMS 0x0000000092a00000, 0x0000000092a00000| Complete 
| 299|0x0000000092b00000, 0x0000000092c00000, 0x0000000092c00000|100%| O|  |TAMS 0x0000000092b00000, 0x0000000092b00000| Untracked 
| 300|0x0000000092c00000, 0x0000000092d00000, 0x0000000092d00000|100%|HS|  |TAMS 0x0000000092c00000, 0x0000000092c00000| Complete 
| 301|0x0000000092d00000, 0x0000000092e00000, 0x0000000092e00000|100%| O|  |TAMS 0x0000000092d00000, 0x0000000092d00000| Untracked 
| 302|0x0000000092e00000, 0x0000000092f00000, 0x0000000092f00000|100%| O|  |TAMS 0x0000000092e00000, 0x0000000092e00000| Untracked 
| 303|0x0000000092f00000, 0x0000000093000000, 0x0000000093000000|100%| O|  |TAMS 0x0000000092f00000, 0x0000000092f00000| Untracked 
| 304|0x0000000093000000, 0x0000000093100000, 0x0000000093100000|100%| O|  |TAMS 0x0000000093000000, 0x0000000093000000| Untracked 
| 305|0x0000000093100000, 0x0000000093200000, 0x0000000093200000|100%| O|  |TAMS 0x0000000093100000, 0x0000000093100000| Untracked 
| 306|0x0000000093200000, 0x0000000093300000, 0x0000000093300000|100%| O|  |TAMS 0x0000000093200000, 0x0000000093200000| Untracked 
| 307|0x0000000093300000, 0x0000000093400000, 0x0000000093400000|100%| O|  |TAMS 0x0000000093300000, 0x0000000093300000| Untracked 
| 308|0x0000000093400000, 0x0000000093500000, 0x0000000093500000|100%| O|  |TAMS 0x0000000093400000, 0x0000000093400000| Untracked 
| 309|0x0000000093500000, 0x0000000093600000, 0x0000000093600000|100%| O|  |TAMS 0x0000000093500000, 0x0000000093500000| Untracked 
| 310|0x0000000093600000, 0x0000000093700000, 0x0000000093700000|100%| O|  |TAMS 0x0000000093600000, 0x0000000093600000| Untracked 
| 311|0x0000000093700000, 0x0000000093800000, 0x0000000093800000|100%|HS|  |TAMS 0x0000000093700000, 0x0000000093700000| Complete 
| 312|0x0000000093800000, 0x0000000093900000, 0x0000000093900000|100%|HC|  |TAMS 0x0000000093800000, 0x0000000093800000| Complete 
| 313|0x0000000093900000, 0x0000000093a00000, 0x0000000093a00000|100%|HS|  |TAMS 0x0000000093900000, 0x0000000093900000| Complete 
| 314|0x0000000093a00000, 0x0000000093b00000, 0x0000000093b00000|100%| O|  |TAMS 0x0000000093a00000, 0x0000000093a00000| Untracked 
| 315|0x0000000093b00000, 0x0000000093c00000, 0x0000000093c00000|100%| O|  |TAMS 0x0000000093b00000, 0x0000000093b00000| Untracked 
| 316|0x0000000093c00000, 0x0000000093d00000, 0x0000000093d00000|100%| O|  |TAMS 0x0000000093c00000, 0x0000000093c00000| Untracked 
| 317|0x0000000093d00000, 0x0000000093e00000, 0x0000000093e00000|100%|HS|  |TAMS 0x0000000093d00000, 0x0000000093d00000| Complete 
| 318|0x0000000093e00000, 0x0000000093f00000, 0x0000000093f00000|100%|HC|  |TAMS 0x0000000093e00000, 0x0000000093e00000| Complete 
| 319|0x0000000093f00000, 0x0000000094000000, 0x0000000094000000|100%| O|  |TAMS 0x0000000093f00000, 0x0000000093f00000| Untracked 
| 320|0x0000000094000000, 0x0000000094100000, 0x0000000094100000|100%| O|  |TAMS 0x0000000094000000, 0x0000000094000000| Untracked 
| 321|0x0000000094100000, 0x0000000094200000, 0x0000000094200000|100%| O|  |TAMS 0x0000000094100000, 0x0000000094100000| Untracked 
| 322|0x0000000094200000, 0x0000000094300000, 0x0000000094300000|100%|HS|  |TAMS 0x0000000094200000, 0x0000000094200000| Complete 
| 323|0x0000000094300000, 0x0000000094400000, 0x0000000094400000|100%|HC|  |TAMS 0x0000000094300000, 0x0000000094300000| Complete 
| 324|0x0000000094400000, 0x0000000094500000, 0x0000000094500000|100%| O|  |TAMS 0x0000000094400000, 0x0000000094400000| Untracked 
| 325|0x0000000094500000, 0x0000000094600000, 0x0000000094600000|100%| O|  |TAMS 0x0000000094500000, 0x0000000094500000| Untracked 
| 326|0x0000000094600000, 0x0000000094700000, 0x0000000094700000|100%| O|  |TAMS 0x0000000094600000, 0x0000000094600000| Untracked 
| 327|0x0000000094700000, 0x0000000094800000, 0x0000000094800000|100%| O|  |TAMS 0x0000000094700000, 0x0000000094700000| Untracked 
| 328|0x0000000094800000, 0x0000000094900000, 0x0000000094900000|100%| O|  |TAMS 0x0000000094800000, 0x0000000094800000| Untracked 
| 329|0x0000000094900000, 0x0000000094a00000, 0x0000000094a00000|100%| O|  |TAMS 0x0000000094900000, 0x0000000094900000| Untracked 
| 330|0x0000000094a00000, 0x0000000094b00000, 0x0000000094b00000|100%|HS|  |TAMS 0x0000000094a00000, 0x0000000094a00000| Complete 
| 331|0x0000000094b00000, 0x0000000094c00000, 0x0000000094c00000|100%|HC|  |TAMS 0x0000000094b00000, 0x0000000094b00000| Complete 
| 332|0x0000000094c00000, 0x0000000094d00000, 0x0000000094d00000|100%|HC|  |TAMS 0x0000000094c00000, 0x0000000094c00000| Complete 
| 333|0x0000000094d00000, 0x0000000094e00000, 0x0000000094e00000|100%| O|  |TAMS 0x0000000094d00000, 0x0000000094d00000| Untracked 
| 334|0x0000000094e00000, 0x0000000094f00000, 0x0000000094f00000|100%| O|  |TAMS 0x0000000094e00000, 0x0000000094e00000| Untracked 
| 335|0x0000000094f00000, 0x0000000095000000, 0x0000000095000000|100%| O|  |TAMS 0x0000000094f00000, 0x0000000094f00000| Untracked 
| 336|0x0000000095000000, 0x0000000095100000, 0x0000000095100000|100%| O|  |TAMS 0x0000000095000000, 0x0000000095000000| Untracked 
| 337|0x0000000095100000, 0x0000000095200000, 0x0000000095200000|100%| O|  |TAMS 0x0000000095100000, 0x0000000095100000| Untracked 
| 338|0x0000000095200000, 0x0000000095300000, 0x0000000095300000|100%| O|  |TAMS 0x0000000095200000, 0x0000000095200000| Untracked 
| 339|0x0000000095300000, 0x0000000095400000, 0x0000000095400000|100%| O|  |TAMS 0x0000000095300000, 0x0000000095300000| Untracked 
| 340|0x0000000095400000, 0x0000000095500000, 0x0000000095500000|100%| O|  |TAMS 0x0000000095400000, 0x0000000095400000| Untracked 
| 341|0x0000000095500000, 0x0000000095600000, 0x0000000095600000|100%| O|  |TAMS 0x0000000095500000, 0x0000000095500000| Untracked 
| 342|0x0000000095600000, 0x0000000095700000, 0x0000000095700000|100%| O|  |TAMS 0x0000000095600000, 0x0000000095600000| Untracked 
| 343|0x0000000095700000, 0x0000000095800000, 0x0000000095800000|100%| O|  |TAMS 0x0000000095700000, 0x0000000095700000| Untracked 
| 344|0x0000000095800000, 0x0000000095900000, 0x0000000095900000|100%| O|  |TAMS 0x0000000095800000, 0x0000000095800000| Untracked 
| 345|0x0000000095900000, 0x0000000095a00000, 0x0000000095a00000|100%| O|  |TAMS 0x0000000095900000, 0x0000000095900000| Untracked 
| 346|0x0000000095a00000, 0x0000000095b00000, 0x0000000095b00000|100%| O|  |TAMS 0x0000000095a00000, 0x0000000095a00000| Untracked 
| 347|0x0000000095b00000, 0x0000000095c00000, 0x0000000095c00000|100%| O|  |TAMS 0x0000000095b00000, 0x0000000095b00000| Untracked 
| 348|0x0000000095c00000, 0x0000000095d00000, 0x0000000095d00000|100%| O|  |TAMS 0x0000000095c00000, 0x0000000095c00000| Untracked 
| 349|0x0000000095d00000, 0x0000000095e00000, 0x0000000095e00000|100%| O|  |TAMS 0x0000000095d00000, 0x0000000095d00000| Untracked 
| 350|0x0000000095e00000, 0x0000000095f00000, 0x0000000095f00000|100%| O|  |TAMS 0x0000000095e00000, 0x0000000095e00000| Untracked 
| 351|0x0000000095f00000, 0x0000000096000000, 0x0000000096000000|100%| O|  |TAMS 0x0000000095f00000, 0x0000000095f00000| Untracked 
| 352|0x0000000096000000, 0x0000000096100000, 0x0000000096100000|100%| O|  |TAMS 0x0000000096000000, 0x0000000096000000| Untracked 
| 353|0x0000000096100000, 0x0000000096200000, 0x0000000096200000|100%| O|  |TAMS 0x0000000096100000, 0x0000000096100000| Untracked 
| 354|0x0000000096200000, 0x0000000096300000, 0x0000000096300000|100%| O|  |TAMS 0x0000000096200000, 0x0000000096200000| Untracked 
| 355|0x0000000096300000, 0x0000000096400000, 0x0000000096400000|100%| O|  |TAMS 0x0000000096300000, 0x0000000096300000| Untracked 
| 356|0x0000000096400000, 0x0000000096500000, 0x0000000096500000|100%| O|  |TAMS 0x0000000096400000, 0x0000000096400000| Untracked 
| 357|0x0000000096500000, 0x0000000096600000, 0x0000000096600000|100%| O|  |TAMS 0x0000000096500000, 0x0000000096500000| Untracked 
| 358|0x0000000096600000, 0x0000000096700000, 0x0000000096700000|100%| O|  |TAMS 0x0000000096600000, 0x0000000096600000| Untracked 
| 359|0x0000000096700000, 0x0000000096800000, 0x0000000096800000|100%| O|  |TAMS 0x0000000096700000, 0x0000000096700000| Untracked 
| 360|0x0000000096800000, 0x0000000096900000, 0x0000000096900000|100%| O|  |TAMS 0x0000000096800000, 0x0000000096800000| Untracked 
| 361|0x0000000096900000, 0x0000000096a00000, 0x0000000096a00000|100%| O|  |TAMS 0x0000000096900000, 0x0000000096900000| Untracked 
| 362|0x0000000096a00000, 0x0000000096b00000, 0x0000000096b00000|100%| O|  |TAMS 0x0000000096a00000, 0x0000000096a00000| Untracked 
| 363|0x0000000096b00000, 0x0000000096c00000, 0x0000000096c00000|100%| O|  |TAMS 0x0000000096b00000, 0x0000000096b00000| Untracked 
| 364|0x0000000096c00000, 0x0000000096d00000, 0x0000000096d00000|100%| O|  |TAMS 0x0000000096c00000, 0x0000000096c00000| Untracked 
| 365|0x0000000096d00000, 0x0000000096e00000, 0x0000000096e00000|100%| O|  |TAMS 0x0000000096d00000, 0x0000000096d00000| Untracked 
| 366|0x0000000096e00000, 0x0000000096f00000, 0x0000000096f00000|100%| O|  |TAMS 0x0000000096e00000, 0x0000000096e00000| Untracked 
| 367|0x0000000096f00000, 0x0000000097000000, 0x0000000097000000|100%| O|  |TAMS 0x0000000096f00000, 0x0000000096f00000| Untracked 
| 368|0x0000000097000000, 0x0000000097100000, 0x0000000097100000|100%| O|  |TAMS 0x0000000097000000, 0x0000000097000000| Untracked 
| 369|0x0000000097100000, 0x0000000097200000, 0x0000000097200000|100%| O|  |TAMS 0x0000000097100000, 0x0000000097100000| Untracked 
| 370|0x0000000097200000, 0x0000000097300000, 0x0000000097300000|100%| O|  |TAMS 0x0000000097200000, 0x0000000097200000| Untracked 
| 371|0x0000000097300000, 0x0000000097400000, 0x0000000097400000|100%| O|  |TAMS 0x0000000097300000, 0x0000000097300000| Untracked 
| 372|0x0000000097400000, 0x0000000097500000, 0x0000000097500000|100%| O|  |TAMS 0x0000000097400000, 0x0000000097400000| Untracked 
| 373|0x0000000097500000, 0x0000000097600000, 0x0000000097600000|100%| O|  |TAMS 0x0000000097500000, 0x0000000097500000| Untracked 
| 374|0x0000000097600000, 0x0000000097700000, 0x0000000097700000|100%| O|  |TAMS 0x0000000097600000, 0x0000000097600000| Untracked 
| 375|0x0000000097700000, 0x0000000097800000, 0x0000000097800000|100%| O|  |TAMS 0x0000000097700000, 0x0000000097700000| Untracked 
| 376|0x0000000097800000, 0x0000000097900000, 0x0000000097900000|100%| O|  |TAMS 0x0000000097800000, 0x0000000097800000| Untracked 
| 377|0x0000000097900000, 0x0000000097a00000, 0x0000000097a00000|100%| O|  |TAMS 0x0000000097900000, 0x0000000097900000| Untracked 
| 378|0x0000000097a00000, 0x0000000097b00000, 0x0000000097b00000|100%| O|  |TAMS 0x0000000097a00000, 0x0000000097a00000| Untracked 
| 379|0x0000000097b00000, 0x0000000097c00000, 0x0000000097c00000|100%| O|  |TAMS 0x0000000097b00000, 0x0000000097b00000| Untracked 
| 380|0x0000000097c00000, 0x0000000097d00000, 0x0000000097d00000|100%| O|  |TAMS 0x0000000097c00000, 0x0000000097c00000| Untracked 
| 381|0x0000000097d00000, 0x0000000097e00000, 0x0000000097e00000|100%| O|  |TAMS 0x0000000097d00000, 0x0000000097d00000| Untracked 
| 382|0x0000000097e00000, 0x0000000097f00000, 0x0000000097f00000|100%| O|  |TAMS 0x0000000097e00000, 0x0000000097e00000| Untracked 
| 383|0x0000000097f00000, 0x0000000098000000, 0x0000000098000000|100%| O|  |TAMS 0x0000000097f00000, 0x0000000097f00000| Untracked 
| 384|0x0000000098000000, 0x0000000098100000, 0x0000000098100000|100%| O|  |TAMS 0x0000000098000000, 0x0000000098000000| Untracked 
| 385|0x0000000098100000, 0x0000000098200000, 0x0000000098200000|100%| O|  |TAMS 0x0000000098100000, 0x0000000098100000| Untracked 
| 386|0x0000000098200000, 0x0000000098300000, 0x0000000098300000|100%| O|  |TAMS 0x0000000098200000, 0x0000000098200000| Untracked 
| 387|0x0000000098300000, 0x0000000098400000, 0x0000000098400000|100%| O|  |TAMS 0x0000000098300000, 0x0000000098300000| Untracked 
| 388|0x0000000098400000, 0x0000000098500000, 0x0000000098500000|100%| O|  |TAMS 0x0000000098400000, 0x0000000098400000| Untracked 
| 389|0x0000000098500000, 0x0000000098600000, 0x0000000098600000|100%| O|  |TAMS 0x0000000098500000, 0x0000000098500000| Untracked 
| 390|0x0000000098600000, 0x0000000098700000, 0x0000000098700000|100%| O|  |TAMS 0x0000000098600000, 0x0000000098600000| Untracked 
| 391|0x0000000098700000, 0x0000000098800000, 0x0000000098800000|100%| O|  |TAMS 0x0000000098700000, 0x0000000098700000| Untracked 
| 392|0x0000000098800000, 0x0000000098900000, 0x0000000098900000|100%| O|  |TAMS 0x0000000098800000, 0x0000000098800000| Untracked 
| 393|0x0000000098900000, 0x0000000098a00000, 0x0000000098a00000|100%| O|  |TAMS 0x0000000098900000, 0x0000000098900000| Untracked 
| 394|0x0000000098a00000, 0x0000000098b00000, 0x0000000098b00000|100%| O|  |TAMS 0x0000000098a00000, 0x0000000098a00000| Untracked 
| 395|0x0000000098b00000, 0x0000000098c00000, 0x0000000098c00000|100%| O|  |TAMS 0x0000000098b00000, 0x0000000098b00000| Untracked 
| 396|0x0000000098c00000, 0x0000000098d00000, 0x0000000098d00000|100%| O|  |TAMS 0x0000000098c00000, 0x0000000098c00000| Untracked 
| 397|0x0000000098d00000, 0x0000000098e00000, 0x0000000098e00000|100%| O|  |TAMS 0x0000000098d00000, 0x0000000098d00000| Untracked 
| 398|0x0000000098e00000, 0x0000000098f00000, 0x0000000098f00000|100%| O|  |TAMS 0x0000000098e00000, 0x0000000098e00000| Untracked 
| 399|0x0000000098f00000, 0x0000000099000000, 0x0000000099000000|100%| O|  |TAMS 0x0000000098f00000, 0x0000000098f00000| Untracked 
| 400|0x0000000099000000, 0x0000000099100000, 0x0000000099100000|100%| O|  |TAMS 0x0000000099000000, 0x0000000099000000| Untracked 
| 401|0x0000000099100000, 0x0000000099200000, 0x0000000099200000|100%|HS|  |TAMS 0x0000000099100000, 0x0000000099100000| Complete 
| 402|0x0000000099200000, 0x0000000099300000, 0x0000000099300000|100%|HS|  |TAMS 0x0000000099200000, 0x0000000099200000| Complete 
| 403|0x0000000099300000, 0x0000000099400000, 0x0000000099400000|100%|HS|  |TAMS 0x0000000099300000, 0x0000000099300000| Complete 
| 404|0x0000000099400000, 0x0000000099500000, 0x0000000099500000|100%|HC|  |TAMS 0x0000000099400000, 0x0000000099400000| Complete 
| 405|0x0000000099500000, 0x0000000099600000, 0x0000000099600000|100%|HS|  |TAMS 0x0000000099500000, 0x0000000099500000| Complete 
| 406|0x0000000099600000, 0x0000000099700000, 0x0000000099700000|100%|HC|  |TAMS 0x0000000099600000, 0x0000000099600000| Complete 
| 407|0x0000000099700000, 0x0000000099800000, 0x0000000099800000|100%|HS|  |TAMS 0x0000000099700000, 0x0000000099700000| Complete 
| 408|0x0000000099800000, 0x0000000099900000, 0x0000000099900000|100%|HS|  |TAMS 0x0000000099800000, 0x0000000099800000| Complete 
| 409|0x0000000099900000, 0x0000000099a00000, 0x0000000099a00000|100%|HS|  |TAMS 0x0000000099900000, 0x0000000099900000| Complete 
| 410|0x0000000099a00000, 0x0000000099b00000, 0x0000000099b00000|100%|HS|  |TAMS 0x0000000099a00000, 0x0000000099a00000| Complete 
| 411|0x0000000099b00000, 0x0000000099c00000, 0x0000000099c00000|100%|HC|  |TAMS 0x0000000099b00000, 0x0000000099b00000| Complete 
| 412|0x0000000099c00000, 0x0000000099d00000, 0x0000000099d00000|100%|HS|  |TAMS 0x0000000099c00000, 0x0000000099c00000| Complete 
| 413|0x0000000099d00000, 0x0000000099e00000, 0x0000000099e00000|100%|HS|  |TAMS 0x0000000099d00000, 0x0000000099d00000| Complete 
| 414|0x0000000099e00000, 0x0000000099f00000, 0x0000000099f00000|100%|HS|  |TAMS 0x0000000099e00000, 0x0000000099e00000| Complete 
| 415|0x0000000099f00000, 0x000000009a000000, 0x000000009a000000|100%|HC|  |TAMS 0x0000000099f00000, 0x0000000099f00000| Complete 
| 416|0x000000009a000000, 0x000000009a100000, 0x000000009a100000|100%|HS|  |TAMS 0x000000009a000000, 0x000000009a000000| Complete 
| 417|0x000000009a100000, 0x000000009a200000, 0x000000009a200000|100%|HS|  |TAMS 0x000000009a100000, 0x000000009a100000| Complete 
| 418|0x000000009a200000, 0x000000009a300000, 0x000000009a300000|100%|HS|  |TAMS 0x000000009a200000, 0x000000009a200000| Complete 
| 419|0x000000009a300000, 0x000000009a400000, 0x000000009a400000|100%|HS|  |TAMS 0x000000009a300000, 0x000000009a300000| Complete 
| 420|0x000000009a400000, 0x000000009a500000, 0x000000009a500000|100%|HS|  |TAMS 0x000000009a400000, 0x000000009a400000| Complete 
| 421|0x000000009a500000, 0x000000009a600000, 0x000000009a600000|100%|HS|  |TAMS 0x000000009a500000, 0x000000009a500000| Complete 
| 422|0x000000009a600000, 0x000000009a700000, 0x000000009a700000|100%|HC|  |TAMS 0x000000009a600000, 0x000000009a600000| Complete 
| 423|0x000000009a700000, 0x000000009a800000, 0x000000009a800000|100%|HS|  |TAMS 0x000000009a700000, 0x000000009a700000| Complete 
| 424|0x000000009a800000, 0x000000009a900000, 0x000000009a900000|100%|HS|  |TAMS 0x000000009a800000, 0x000000009a800000| Complete 
| 425|0x000000009a900000, 0x000000009aa00000, 0x000000009aa00000|100%|HS|  |TAMS 0x000000009a900000, 0x000000009a900000| Complete 
| 426|0x000000009aa00000, 0x000000009ab00000, 0x000000009ab00000|100%|HS|  |TAMS 0x000000009aa00000, 0x000000009aa00000| Complete 
| 427|0x000000009ab00000, 0x000000009ac00000, 0x000000009ac00000|100%|HC|  |TAMS 0x000000009ab00000, 0x000000009ab00000| Complete 
| 428|0x000000009ac00000, 0x000000009ad00000, 0x000000009ad00000|100%|HS|  |TAMS 0x000000009ac00000, 0x000000009ac00000| Complete 
| 429|0x000000009ad00000, 0x000000009ae00000, 0x000000009ae00000|100%|HS|  |TAMS 0x000000009ad00000, 0x000000009ad00000| Complete 
| 430|0x000000009ae00000, 0x000000009af00000, 0x000000009af00000|100%|HC|  |TAMS 0x000000009ae00000, 0x000000009ae00000| Complete 
| 431|0x000000009af00000, 0x000000009b000000, 0x000000009b000000|100%|HC|  |TAMS 0x000000009af00000, 0x000000009af00000| Complete 
| 432|0x000000009b000000, 0x000000009b100000, 0x000000009b100000|100%|HC|  |TAMS 0x000000009b000000, 0x000000009b000000| Complete 
| 433|0x000000009b100000, 0x000000009b200000, 0x000000009b200000|100%|HC|  |TAMS 0x000000009b100000, 0x000000009b100000| Complete 
| 434|0x000000009b200000, 0x000000009b300000, 0x000000009b300000|100%|HC|  |TAMS 0x000000009b200000, 0x000000009b200000| Complete 
| 435|0x000000009b300000, 0x000000009b400000, 0x000000009b400000|100%|HC|  |TAMS 0x000000009b300000, 0x000000009b300000| Complete 
| 436|0x000000009b400000, 0x000000009b500000, 0x000000009b500000|100%|HC|  |TAMS 0x000000009b400000, 0x000000009b400000| Complete 
| 437|0x000000009b500000, 0x000000009b600000, 0x000000009b600000|100%|HC|  |TAMS 0x000000009b500000, 0x000000009b500000| Complete 
| 438|0x000000009b600000, 0x000000009b700000, 0x000000009b700000|100%|HC|  |TAMS 0x000000009b600000, 0x000000009b600000| Complete 
| 439|0x000000009b700000, 0x000000009b800000, 0x000000009b800000|100%|HC|  |TAMS 0x000000009b700000, 0x000000009b700000| Complete 
| 440|0x000000009b800000, 0x000000009b800000, 0x000000009b900000|  0%| F|  |TAMS 0x000000009b800000, 0x000000009b800000| Untracked 
| 441|0x000000009b900000, 0x000000009b900000, 0x000000009ba00000|  0%| F|  |TAMS 0x000000009b900000, 0x000000009b900000| Untracked 
| 442|0x000000009ba00000, 0x000000009ba00000, 0x000000009bb00000|  0%| F|  |TAMS 0x000000009ba00000, 0x000000009ba00000| Untracked 
| 443|0x000000009bb00000, 0x000000009bb00000, 0x000000009bc00000|  0%| F|  |TAMS 0x000000009bb00000, 0x000000009bb00000| Untracked 
| 444|0x000000009bc00000, 0x000000009bc00000, 0x000000009bd00000|  0%| F|  |TAMS 0x000000009bc00000, 0x000000009bc00000| Untracked 
| 445|0x000000009bd00000, 0x000000009bd00000, 0x000000009be00000|  0%| F|  |TAMS 0x000000009bd00000, 0x000000009bd00000| Untracked 
| 446|0x000000009be00000, 0x000000009be00000, 0x000000009bf00000|  0%| F|  |TAMS 0x000000009be00000, 0x000000009be00000| Untracked 
| 447|0x000000009bf00000, 0x000000009bf00000, 0x000000009c000000|  0%| F|  |TAMS 0x000000009bf00000, 0x000000009bf00000| Untracked 
| 448|0x000000009c000000, 0x000000009c000000, 0x000000009c100000|  0%| F|  |TAMS 0x000000009c000000, 0x000000009c000000| Untracked 
| 449|0x000000009c100000, 0x000000009c100000, 0x000000009c200000|  0%| F|  |TAMS 0x000000009c100000, 0x000000009c100000| Untracked 
| 450|0x000000009c200000, 0x000000009c200000, 0x000000009c300000|  0%| F|  |TAMS 0x000000009c200000, 0x000000009c200000| Untracked 
| 451|0x000000009c300000, 0x000000009c300000, 0x000000009c400000|  0%| F|  |TAMS 0x000000009c300000, 0x000000009c300000| Untracked 
| 452|0x000000009c400000, 0x000000009c400000, 0x000000009c500000|  0%| F|  |TAMS 0x000000009c400000, 0x000000009c400000| Untracked 
| 453|0x000000009c500000, 0x000000009c500000, 0x000000009c600000|  0%| F|  |TAMS 0x000000009c500000, 0x000000009c500000| Untracked 
| 454|0x000000009c600000, 0x000000009c600000, 0x000000009c700000|  0%| F|  |TAMS 0x000000009c600000, 0x000000009c600000| Untracked 
| 455|0x000000009c700000, 0x000000009c700000, 0x000000009c800000|  0%| F|  |TAMS 0x000000009c700000, 0x000000009c700000| Untracked 
| 456|0x000000009c800000, 0x000000009c800000, 0x000000009c900000|  0%| F|  |TAMS 0x000000009c800000, 0x000000009c800000| Untracked 
| 457|0x000000009c900000, 0x000000009c900000, 0x000000009ca00000|  0%| F|  |TAMS 0x000000009c900000, 0x000000009c900000| Untracked 
| 458|0x000000009ca00000, 0x000000009ca00000, 0x000000009cb00000|  0%| F|  |TAMS 0x000000009ca00000, 0x000000009ca00000| Untracked 
| 459|0x000000009cb00000, 0x000000009cb00000, 0x000000009cc00000|  0%| F|  |TAMS 0x000000009cb00000, 0x000000009cb00000| Untracked 
| 460|0x000000009cc00000, 0x000000009cc00000, 0x000000009cd00000|  0%| F|  |TAMS 0x000000009cc00000, 0x000000009cc00000| Untracked 
| 461|0x000000009cd00000, 0x000000009cd00000, 0x000000009ce00000|  0%| F|  |TAMS 0x000000009cd00000, 0x000000009cd00000| Untracked 
| 462|0x000000009ce00000, 0x000000009ce00000, 0x000000009cf00000|  0%| F|  |TAMS 0x000000009ce00000, 0x000000009ce00000| Untracked 
| 463|0x000000009cf00000, 0x000000009cf00000, 0x000000009d000000|  0%| F|  |TAMS 0x000000009cf00000, 0x000000009cf00000| Untracked 
| 464|0x000000009d000000, 0x000000009d000000, 0x000000009d100000|  0%| F|  |TAMS 0x000000009d000000, 0x000000009d000000| Untracked 
| 465|0x000000009d100000, 0x000000009d100000, 0x000000009d200000|  0%| F|  |TAMS 0x000000009d100000, 0x000000009d100000| Untracked 
| 466|0x000000009d200000, 0x000000009d200000, 0x000000009d300000|  0%| F|  |TAMS 0x000000009d200000, 0x000000009d200000| Untracked 
| 467|0x000000009d300000, 0x000000009d300000, 0x000000009d400000|  0%| F|  |TAMS 0x000000009d300000, 0x000000009d300000| Untracked 
| 468|0x000000009d400000, 0x000000009d400000, 0x000000009d500000|  0%| F|  |TAMS 0x000000009d400000, 0x000000009d400000| Untracked 
| 469|0x000000009d500000, 0x000000009d500000, 0x000000009d600000|  0%| F|  |TAMS 0x000000009d500000, 0x000000009d500000| Untracked 
| 470|0x000000009d600000, 0x000000009d600000, 0x000000009d700000|  0%| F|  |TAMS 0x000000009d600000, 0x000000009d600000| Untracked 
| 471|0x000000009d700000, 0x000000009d700000, 0x000000009d800000|  0%| F|  |TAMS 0x000000009d700000, 0x000000009d700000| Untracked 
| 472|0x000000009d800000, 0x000000009d800000, 0x000000009d900000|  0%| F|  |TAMS 0x000000009d800000, 0x000000009d800000| Untracked 
| 473|0x000000009d900000, 0x000000009d900000, 0x000000009da00000|  0%| F|  |TAMS 0x000000009d900000, 0x000000009d900000| Untracked 
| 474|0x000000009da00000, 0x000000009da00000, 0x000000009db00000|  0%| F|  |TAMS 0x000000009da00000, 0x000000009da00000| Untracked 
| 475|0x000000009db00000, 0x000000009db00000, 0x000000009dc00000|  0%| F|  |TAMS 0x000000009db00000, 0x000000009db00000| Untracked 
| 476|0x000000009dc00000, 0x000000009dc00000, 0x000000009dd00000|  0%| F|  |TAMS 0x000000009dc00000, 0x000000009dc00000| Untracked 
| 477|0x000000009dd00000, 0x000000009dd00000, 0x000000009de00000|  0%| F|  |TAMS 0x000000009dd00000, 0x000000009dd00000| Untracked 
| 478|0x000000009de00000, 0x000000009de00000, 0x000000009df00000|  0%| F|  |TAMS 0x000000009de00000, 0x000000009de00000| Untracked 
| 479|0x000000009df00000, 0x000000009df00000, 0x000000009e000000|  0%| F|  |TAMS 0x000000009df00000, 0x000000009df00000| Untracked 
| 480|0x000000009e000000, 0x000000009e000000, 0x000000009e100000|  0%| F|  |TAMS 0x000000009e000000, 0x000000009e000000| Untracked 
| 481|0x000000009e100000, 0x000000009e100000, 0x000000009e200000|  0%| F|  |TAMS 0x000000009e100000, 0x000000009e100000| Untracked 
| 482|0x000000009e200000, 0x000000009e200000, 0x000000009e300000|  0%| F|  |TAMS 0x000000009e200000, 0x000000009e200000| Untracked 
| 483|0x000000009e300000, 0x000000009e300000, 0x000000009e400000|  0%| F|  |TAMS 0x000000009e300000, 0x000000009e300000| Untracked 
| 484|0x000000009e400000, 0x000000009e400000, 0x000000009e500000|  0%| F|  |TAMS 0x000000009e400000, 0x000000009e400000| Untracked 
| 485|0x000000009e500000, 0x000000009e500000, 0x000000009e600000|  0%| F|  |TAMS 0x000000009e500000, 0x000000009e500000| Untracked 
| 486|0x000000009e600000, 0x000000009e600000, 0x000000009e700000|  0%| F|  |TAMS 0x000000009e600000, 0x000000009e600000| Untracked 
| 487|0x000000009e700000, 0x000000009e700000, 0x000000009e800000|  0%| F|  |TAMS 0x000000009e700000, 0x000000009e700000| Untracked 
| 488|0x000000009e800000, 0x000000009e800000, 0x000000009e900000|  0%| F|  |TAMS 0x000000009e800000, 0x000000009e800000| Untracked 
| 489|0x000000009e900000, 0x000000009e900000, 0x000000009ea00000|  0%| F|  |TAMS 0x000000009e900000, 0x000000009e900000| Untracked 
| 490|0x000000009ea00000, 0x000000009ea00000, 0x000000009eb00000|  0%| F|  |TAMS 0x000000009ea00000, 0x000000009ea00000| Untracked 
| 491|0x000000009eb00000, 0x000000009eb00000, 0x000000009ec00000|  0%| F|  |TAMS 0x000000009eb00000, 0x000000009eb00000| Untracked 
| 492|0x000000009ec00000, 0x000000009ec00000, 0x000000009ed00000|  0%| F|  |TAMS 0x000000009ec00000, 0x000000009ec00000| Untracked 
| 493|0x000000009ed00000, 0x000000009ed00000, 0x000000009ee00000|  0%| F|  |TAMS 0x000000009ed00000, 0x000000009ed00000| Untracked 
| 494|0x000000009ee00000, 0x000000009ee00000, 0x000000009ef00000|  0%| F|  |TAMS 0x000000009ee00000, 0x000000009ee00000| Untracked 
| 495|0x000000009ef00000, 0x000000009ef00000, 0x000000009f000000|  0%| F|  |TAMS 0x000000009ef00000, 0x000000009ef00000| Untracked 
| 496|0x000000009f000000, 0x000000009f000000, 0x000000009f100000|  0%| F|  |TAMS 0x000000009f000000, 0x000000009f000000| Untracked 
| 497|0x000000009f100000, 0x000000009f100000, 0x000000009f200000|  0%| F|  |TAMS 0x000000009f100000, 0x000000009f100000| Untracked 
| 498|0x000000009f200000, 0x000000009f200000, 0x000000009f300000|  0%| F|  |TAMS 0x000000009f200000, 0x000000009f200000| Untracked 
| 499|0x000000009f300000, 0x000000009f300000, 0x000000009f400000|  0%| F|  |TAMS 0x000000009f300000, 0x000000009f300000| Untracked 
| 500|0x000000009f400000, 0x000000009f400000, 0x000000009f500000|  0%| F|  |TAMS 0x000000009f400000, 0x000000009f400000| Untracked 
| 501|0x000000009f500000, 0x000000009f500000, 0x000000009f600000|  0%| F|  |TAMS 0x000000009f500000, 0x000000009f500000| Untracked 
| 502|0x000000009f600000, 0x000000009f600000, 0x000000009f700000|  0%| F|  |TAMS 0x000000009f600000, 0x000000009f600000| Untracked 
| 503|0x000000009f700000, 0x000000009f700000, 0x000000009f800000|  0%| F|  |TAMS 0x000000009f700000, 0x000000009f700000| Untracked 
| 504|0x000000009f800000, 0x000000009f800000, 0x000000009f900000|  0%| F|  |TAMS 0x000000009f800000, 0x000000009f800000| Untracked 
| 505|0x000000009f900000, 0x000000009f900000, 0x000000009fa00000|  0%| F|  |TAMS 0x000000009f900000, 0x000000009f900000| Untracked 
| 506|0x000000009fa00000, 0x000000009fa00000, 0x000000009fb00000|  0%| F|  |TAMS 0x000000009fa00000, 0x000000009fa00000| Untracked 
| 507|0x000000009fb00000, 0x000000009fb00000, 0x000000009fc00000|  0%| F|  |TAMS 0x000000009fb00000, 0x000000009fb00000| Untracked 
| 508|0x000000009fc00000, 0x000000009fc00000, 0x000000009fd00000|  0%| F|  |TAMS 0x000000009fc00000, 0x000000009fc00000| Untracked 
| 509|0x000000009fd00000, 0x000000009fd00000, 0x000000009fe00000|  0%| F|  |TAMS 0x000000009fd00000, 0x000000009fd00000| Untracked 
| 510|0x000000009fe00000, 0x000000009fe00000, 0x000000009ff00000|  0%| F|  |TAMS 0x000000009fe00000, 0x000000009fe00000| Untracked 
| 511|0x000000009ff00000, 0x000000009ff00000, 0x00000000a0000000|  0%| F|  |TAMS 0x000000009ff00000, 0x000000009ff00000| Untracked 
| 512|0x00000000a0000000, 0x00000000a0000000, 0x00000000a0100000|  0%| F|  |TAMS 0x00000000a0000000, 0x00000000a0000000| Untracked 
| 513|0x00000000a0100000, 0x00000000a0100000, 0x00000000a0200000|  0%| F|  |TAMS 0x00000000a0100000, 0x00000000a0100000| Untracked 
| 514|0x00000000a0200000, 0x00000000a0200000, 0x00000000a0300000|  0%| F|  |TAMS 0x00000000a0200000, 0x00000000a0200000| Untracked 
| 515|0x00000000a0300000, 0x00000000a0300000, 0x00000000a0400000|  0%| F|  |TAMS 0x00000000a0300000, 0x00000000a0300000| Untracked 
| 516|0x00000000a0400000, 0x00000000a0400000, 0x00000000a0500000|  0%| F|  |TAMS 0x00000000a0400000, 0x00000000a0400000| Untracked 
| 517|0x00000000a0500000, 0x00000000a0500000, 0x00000000a0600000|  0%| F|  |TAMS 0x00000000a0500000, 0x00000000a0500000| Untracked 
| 518|0x00000000a0600000, 0x00000000a0600000, 0x00000000a0700000|  0%| F|  |TAMS 0x00000000a0600000, 0x00000000a0600000| Untracked 
| 519|0x00000000a0700000, 0x00000000a0700000, 0x00000000a0800000|  0%| F|  |TAMS 0x00000000a0700000, 0x00000000a0700000| Untracked 
| 520|0x00000000a0800000, 0x00000000a0800000, 0x00000000a0900000|  0%| F|  |TAMS 0x00000000a0800000, 0x00000000a0800000| Untracked 
| 521|0x00000000a0900000, 0x00000000a0900000, 0x00000000a0a00000|  0%| F|  |TAMS 0x00000000a0900000, 0x00000000a0900000| Untracked 
| 522|0x00000000a0a00000, 0x00000000a0a00000, 0x00000000a0b00000|  0%| F|  |TAMS 0x00000000a0a00000, 0x00000000a0a00000| Untracked 
| 523|0x00000000a0b00000, 0x00000000a0b00000, 0x00000000a0c00000|  0%| F|  |TAMS 0x00000000a0b00000, 0x00000000a0b00000| Untracked 
| 524|0x00000000a0c00000, 0x00000000a0c00000, 0x00000000a0d00000|  0%| F|  |TAMS 0x00000000a0c00000, 0x00000000a0c00000| Untracked 
| 525|0x00000000a0d00000, 0x00000000a0d00000, 0x00000000a0e00000|  0%| F|  |TAMS 0x00000000a0d00000, 0x00000000a0d00000| Untracked 
| 526|0x00000000a0e00000, 0x00000000a0e00000, 0x00000000a0f00000|  0%| F|  |TAMS 0x00000000a0e00000, 0x00000000a0e00000| Untracked 
| 527|0x00000000a0f00000, 0x00000000a0f00000, 0x00000000a1000000|  0%| F|  |TAMS 0x00000000a0f00000, 0x00000000a0f00000| Untracked 
| 528|0x00000000a1000000, 0x00000000a1000000, 0x00000000a1100000|  0%| F|  |TAMS 0x00000000a1000000, 0x00000000a1000000| Untracked 
| 529|0x00000000a1100000, 0x00000000a1100000, 0x00000000a1200000|  0%| F|  |TAMS 0x00000000a1100000, 0x00000000a1100000| Untracked 
| 530|0x00000000a1200000, 0x00000000a1200000, 0x00000000a1300000|  0%| F|  |TAMS 0x00000000a1200000, 0x00000000a1200000| Untracked 
| 531|0x00000000a1300000, 0x00000000a1300000, 0x00000000a1400000|  0%| F|  |TAMS 0x00000000a1300000, 0x00000000a1300000| Untracked 
| 532|0x00000000a1400000, 0x00000000a1400000, 0x00000000a1500000|  0%| F|  |TAMS 0x00000000a1400000, 0x00000000a1400000| Untracked 
| 533|0x00000000a1500000, 0x00000000a1500000, 0x00000000a1600000|  0%| F|  |TAMS 0x00000000a1500000, 0x00000000a1500000| Untracked 
| 534|0x00000000a1600000, 0x00000000a1600000, 0x00000000a1700000|  0%| F|  |TAMS 0x00000000a1600000, 0x00000000a1600000| Untracked 
| 535|0x00000000a1700000, 0x00000000a1700000, 0x00000000a1800000|  0%| F|  |TAMS 0x00000000a1700000, 0x00000000a1700000| Untracked 
| 536|0x00000000a1800000, 0x00000000a1800000, 0x00000000a1900000|  0%| F|  |TAMS 0x00000000a1800000, 0x00000000a1800000| Untracked 
| 537|0x00000000a1900000, 0x00000000a1900000, 0x00000000a1a00000|  0%| F|  |TAMS 0x00000000a1900000, 0x00000000a1900000| Untracked 
| 538|0x00000000a1a00000, 0x00000000a1a00000, 0x00000000a1b00000|  0%| F|  |TAMS 0x00000000a1a00000, 0x00000000a1a00000| Untracked 
| 539|0x00000000a1b00000, 0x00000000a1b00000, 0x00000000a1c00000|  0%| F|  |TAMS 0x00000000a1b00000, 0x00000000a1b00000| Untracked 
| 540|0x00000000a1c00000, 0x00000000a1c00000, 0x00000000a1d00000|  0%| F|  |TAMS 0x00000000a1c00000, 0x00000000a1c00000| Untracked 
| 541|0x00000000a1d00000, 0x00000000a1d00000, 0x00000000a1e00000|  0%| F|  |TAMS 0x00000000a1d00000, 0x00000000a1d00000| Untracked 
| 542|0x00000000a1e00000, 0x00000000a1e00000, 0x00000000a1f00000|  0%| F|  |TAMS 0x00000000a1e00000, 0x00000000a1e00000| Untracked 
| 543|0x00000000a1f00000, 0x00000000a1f00000, 0x00000000a2000000|  0%| F|  |TAMS 0x00000000a1f00000, 0x00000000a1f00000| Untracked 
| 544|0x00000000a2000000, 0x00000000a2000000, 0x00000000a2100000|  0%| F|  |TAMS 0x00000000a2000000, 0x00000000a2000000| Untracked 
| 545|0x00000000a2100000, 0x00000000a2100000, 0x00000000a2200000|  0%| F|  |TAMS 0x00000000a2100000, 0x00000000a2100000| Untracked 
| 546|0x00000000a2200000, 0x00000000a2200000, 0x00000000a2300000|  0%| F|  |TAMS 0x00000000a2200000, 0x00000000a2200000| Untracked 
| 547|0x00000000a2300000, 0x00000000a2300000, 0x00000000a2400000|  0%| F|  |TAMS 0x00000000a2300000, 0x00000000a2300000| Untracked 
| 548|0x00000000a2400000, 0x00000000a2400000, 0x00000000a2500000|  0%| F|  |TAMS 0x00000000a2400000, 0x00000000a2400000| Untracked 
| 549|0x00000000a2500000, 0x00000000a2500000, 0x00000000a2600000|  0%| F|  |TAMS 0x00000000a2500000, 0x00000000a2500000| Untracked 
| 550|0x00000000a2600000, 0x00000000a2600000, 0x00000000a2700000|  0%| F|  |TAMS 0x00000000a2600000, 0x00000000a2600000| Untracked 
| 551|0x00000000a2700000, 0x00000000a2700000, 0x00000000a2800000|  0%| F|  |TAMS 0x00000000a2700000, 0x00000000a2700000| Untracked 
| 552|0x00000000a2800000, 0x00000000a2800000, 0x00000000a2900000|  0%| F|  |TAMS 0x00000000a2800000, 0x00000000a2800000| Untracked 
| 553|0x00000000a2900000, 0x00000000a2900000, 0x00000000a2a00000|  0%| F|  |TAMS 0x00000000a2900000, 0x00000000a2900000| Untracked 
| 554|0x00000000a2a00000, 0x00000000a2a00000, 0x00000000a2b00000|  0%| F|  |TAMS 0x00000000a2a00000, 0x00000000a2a00000| Untracked 
| 555|0x00000000a2b00000, 0x00000000a2b00000, 0x00000000a2c00000|  0%| F|  |TAMS 0x00000000a2b00000, 0x00000000a2b00000| Untracked 
| 556|0x00000000a2c00000, 0x00000000a2c00000, 0x00000000a2d00000|  0%| F|  |TAMS 0x00000000a2c00000, 0x00000000a2c00000| Untracked 
| 557|0x00000000a2d00000, 0x00000000a2d00000, 0x00000000a2e00000|  0%| F|  |TAMS 0x00000000a2d00000, 0x00000000a2d00000| Untracked 
| 558|0x00000000a2e00000, 0x00000000a2e00000, 0x00000000a2f00000|  0%| F|  |TAMS 0x00000000a2e00000, 0x00000000a2e00000| Untracked 
| 559|0x00000000a2f00000, 0x00000000a2f00000, 0x00000000a3000000|  0%| F|  |TAMS 0x00000000a2f00000, 0x00000000a2f00000| Untracked 
| 560|0x00000000a3000000, 0x00000000a3000000, 0x00000000a3100000|  0%| F|  |TAMS 0x00000000a3000000, 0x00000000a3000000| Untracked 
| 561|0x00000000a3100000, 0x00000000a3100000, 0x00000000a3200000|  0%| F|  |TAMS 0x00000000a3100000, 0x00000000a3100000| Untracked 
| 562|0x00000000a3200000, 0x00000000a3200000, 0x00000000a3300000|  0%| F|  |TAMS 0x00000000a3200000, 0x00000000a3200000| Untracked 
| 563|0x00000000a3300000, 0x00000000a3300000, 0x00000000a3400000|  0%| F|  |TAMS 0x00000000a3300000, 0x00000000a3300000| Untracked 
| 564|0x00000000a3400000, 0x00000000a3400000, 0x00000000a3500000|  0%| F|  |TAMS 0x00000000a3400000, 0x00000000a3400000| Untracked 
| 565|0x00000000a3500000, 0x00000000a3500000, 0x00000000a3600000|  0%| F|  |TAMS 0x00000000a3500000, 0x00000000a3500000| Untracked 
| 566|0x00000000a3600000, 0x00000000a3600000, 0x00000000a3700000|  0%| F|  |TAMS 0x00000000a3600000, 0x00000000a3600000| Untracked 
| 567|0x00000000a3700000, 0x00000000a3700000, 0x00000000a3800000|  0%| F|  |TAMS 0x00000000a3700000, 0x00000000a3700000| Untracked 
| 568|0x00000000a3800000, 0x00000000a3800000, 0x00000000a3900000|  0%| F|  |TAMS 0x00000000a3800000, 0x00000000a3800000| Untracked 
| 569|0x00000000a3900000, 0x00000000a3900000, 0x00000000a3a00000|  0%| F|  |TAMS 0x00000000a3900000, 0x00000000a3900000| Untracked 
| 570|0x00000000a3a00000, 0x00000000a3a00000, 0x00000000a3b00000|  0%| F|  |TAMS 0x00000000a3a00000, 0x00000000a3a00000| Untracked 
| 571|0x00000000a3b00000, 0x00000000a3b00000, 0x00000000a3c00000|  0%| F|  |TAMS 0x00000000a3b00000, 0x00000000a3b00000| Untracked 
| 572|0x00000000a3c00000, 0x00000000a3c00000, 0x00000000a3d00000|  0%| F|  |TAMS 0x00000000a3c00000, 0x00000000a3c00000| Untracked 
| 573|0x00000000a3d00000, 0x00000000a3d00000, 0x00000000a3e00000|  0%| F|  |TAMS 0x00000000a3d00000, 0x00000000a3d00000| Untracked 
| 574|0x00000000a3e00000, 0x00000000a3e00000, 0x00000000a3f00000|  0%| F|  |TAMS 0x00000000a3e00000, 0x00000000a3e00000| Untracked 
| 575|0x00000000a3f00000, 0x00000000a3f00000, 0x00000000a4000000|  0%| F|  |TAMS 0x00000000a3f00000, 0x00000000a3f00000| Untracked 
| 576|0x00000000a4000000, 0x00000000a4000000, 0x00000000a4100000|  0%| F|  |TAMS 0x00000000a4000000, 0x00000000a4000000| Untracked 
| 577|0x00000000a4100000, 0x00000000a4100000, 0x00000000a4200000|  0%| F|  |TAMS 0x00000000a4100000, 0x00000000a4100000| Untracked 
| 578|0x00000000a4200000, 0x00000000a4200000, 0x00000000a4300000|  0%| F|  |TAMS 0x00000000a4200000, 0x00000000a4200000| Untracked 
| 579|0x00000000a4300000, 0x00000000a4300000, 0x00000000a4400000|  0%| F|  |TAMS 0x00000000a4300000, 0x00000000a4300000| Untracked 
| 580|0x00000000a4400000, 0x00000000a4400000, 0x00000000a4500000|  0%| F|  |TAMS 0x00000000a4400000, 0x00000000a4400000| Untracked 
| 581|0x00000000a4500000, 0x00000000a4500000, 0x00000000a4600000|  0%| F|  |TAMS 0x00000000a4500000, 0x00000000a4500000| Untracked 
| 582|0x00000000a4600000, 0x00000000a4600000, 0x00000000a4700000|  0%| F|  |TAMS 0x00000000a4600000, 0x00000000a4600000| Untracked 
| 583|0x00000000a4700000, 0x00000000a4700000, 0x00000000a4800000|  0%| F|  |TAMS 0x00000000a4700000, 0x00000000a4700000| Untracked 
| 584|0x00000000a4800000, 0x00000000a4800000, 0x00000000a4900000|  0%| F|  |TAMS 0x00000000a4800000, 0x00000000a4800000| Untracked 
| 585|0x00000000a4900000, 0x00000000a4900000, 0x00000000a4a00000|  0%| F|  |TAMS 0x00000000a4900000, 0x00000000a4900000| Untracked 
| 586|0x00000000a4a00000, 0x00000000a4a00000, 0x00000000a4b00000|  0%| F|  |TAMS 0x00000000a4a00000, 0x00000000a4a00000| Untracked 
| 587|0x00000000a4b00000, 0x00000000a4b00000, 0x00000000a4c00000|  0%| F|  |TAMS 0x00000000a4b00000, 0x00000000a4b00000| Untracked 
| 588|0x00000000a4c00000, 0x00000000a4c00000, 0x00000000a4d00000|  0%| F|  |TAMS 0x00000000a4c00000, 0x00000000a4c00000| Untracked 
| 589|0x00000000a4d00000, 0x00000000a4d00000, 0x00000000a4e00000|  0%| F|  |TAMS 0x00000000a4d00000, 0x00000000a4d00000| Untracked 
| 590|0x00000000a4e00000, 0x00000000a4e00000, 0x00000000a4f00000|  0%| F|  |TAMS 0x00000000a4e00000, 0x00000000a4e00000| Untracked 
| 591|0x00000000a4f00000, 0x00000000a4f00000, 0x00000000a5000000|  0%| F|  |TAMS 0x00000000a4f00000, 0x00000000a4f00000| Untracked 
| 592|0x00000000a5000000, 0x00000000a5000000, 0x00000000a5100000|  0%| F|  |TAMS 0x00000000a5000000, 0x00000000a5000000| Untracked 
| 593|0x00000000a5100000, 0x00000000a5100000, 0x00000000a5200000|  0%| F|  |TAMS 0x00000000a5100000, 0x00000000a5100000| Untracked 
| 594|0x00000000a5200000, 0x00000000a5200000, 0x00000000a5300000|  0%| F|  |TAMS 0x00000000a5200000, 0x00000000a5200000| Untracked 
| 595|0x00000000a5300000, 0x00000000a5300000, 0x00000000a5400000|  0%| F|  |TAMS 0x00000000a5300000, 0x00000000a5300000| Untracked 
| 596|0x00000000a5400000, 0x00000000a5400000, 0x00000000a5500000|  0%| F|  |TAMS 0x00000000a5400000, 0x00000000a5400000| Untracked 
| 597|0x00000000a5500000, 0x00000000a5500000, 0x00000000a5600000|  0%| F|  |TAMS 0x00000000a5500000, 0x00000000a5500000| Untracked 
| 598|0x00000000a5600000, 0x00000000a5600000, 0x00000000a5700000|  0%| F|  |TAMS 0x00000000a5600000, 0x00000000a5600000| Untracked 
| 599|0x00000000a5700000, 0x00000000a5700000, 0x00000000a5800000|  0%| F|  |TAMS 0x00000000a5700000, 0x00000000a5700000| Untracked 
| 600|0x00000000a5800000, 0x00000000a5800000, 0x00000000a5900000|  0%| F|  |TAMS 0x00000000a5800000, 0x00000000a5800000| Untracked 
| 601|0x00000000a5900000, 0x00000000a5900000, 0x00000000a5a00000|  0%| F|  |TAMS 0x00000000a5900000, 0x00000000a5900000| Untracked 
| 602|0x00000000a5a00000, 0x00000000a5a00000, 0x00000000a5b00000|  0%| F|  |TAMS 0x00000000a5a00000, 0x00000000a5a00000| Untracked 
| 603|0x00000000a5b00000, 0x00000000a5b00000, 0x00000000a5c00000|  0%| F|  |TAMS 0x00000000a5b00000, 0x00000000a5b00000| Untracked 
| 604|0x00000000a5c00000, 0x00000000a5c00000, 0x00000000a5d00000|  0%| F|  |TAMS 0x00000000a5c00000, 0x00000000a5c00000| Untracked 
| 605|0x00000000a5d00000, 0x00000000a5d00000, 0x00000000a5e00000|  0%| F|  |TAMS 0x00000000a5d00000, 0x00000000a5d00000| Untracked 
| 606|0x00000000a5e00000, 0x00000000a5e00000, 0x00000000a5f00000|  0%| F|  |TAMS 0x00000000a5e00000, 0x00000000a5e00000| Untracked 
| 607|0x00000000a5f00000, 0x00000000a5f00000, 0x00000000a6000000|  0%| F|  |TAMS 0x00000000a5f00000, 0x00000000a5f00000| Untracked 
| 608|0x00000000a6000000, 0x00000000a6000000, 0x00000000a6100000|  0%| F|  |TAMS 0x00000000a6000000, 0x00000000a6000000| Untracked 
| 609|0x00000000a6100000, 0x00000000a6100000, 0x00000000a6200000|  0%| F|  |TAMS 0x00000000a6100000, 0x00000000a6100000| Untracked 
| 610|0x00000000a6200000, 0x00000000a6200000, 0x00000000a6300000|  0%| F|  |TAMS 0x00000000a6200000, 0x00000000a6200000| Untracked 
| 611|0x00000000a6300000, 0x00000000a6300000, 0x00000000a6400000|  0%| F|  |TAMS 0x00000000a6300000, 0x00000000a6300000| Untracked 
| 612|0x00000000a6400000, 0x00000000a6400000, 0x00000000a6500000|  0%| F|  |TAMS 0x00000000a6400000, 0x00000000a6400000| Untracked 
| 613|0x00000000a6500000, 0x00000000a6500000, 0x00000000a6600000|  0%| F|  |TAMS 0x00000000a6500000, 0x00000000a6500000| Untracked 
| 614|0x00000000a6600000, 0x00000000a6600000, 0x00000000a6700000|  0%| F|  |TAMS 0x00000000a6600000, 0x00000000a6600000| Untracked 
| 615|0x00000000a6700000, 0x00000000a6700000, 0x00000000a6800000|  0%| F|  |TAMS 0x00000000a6700000, 0x00000000a6700000| Untracked 
| 616|0x00000000a6800000, 0x00000000a6800000, 0x00000000a6900000|  0%| F|  |TAMS 0x00000000a6800000, 0x00000000a6800000| Untracked 
| 617|0x00000000a6900000, 0x00000000a6900000, 0x00000000a6a00000|  0%| F|  |TAMS 0x00000000a6900000, 0x00000000a6900000| Untracked 
| 618|0x00000000a6a00000, 0x00000000a6a00000, 0x00000000a6b00000|  0%| F|  |TAMS 0x00000000a6a00000, 0x00000000a6a00000| Untracked 
| 619|0x00000000a6b00000, 0x00000000a6b00000, 0x00000000a6c00000|  0%| F|  |TAMS 0x00000000a6b00000, 0x00000000a6b00000| Untracked 
| 620|0x00000000a6c00000, 0x00000000a6c00000, 0x00000000a6d00000|  0%| F|  |TAMS 0x00000000a6c00000, 0x00000000a6c00000| Untracked 
| 621|0x00000000a6d00000, 0x00000000a6d3fbf0, 0x00000000a6e00000| 24%| S|CS|TAMS 0x00000000a6d00000, 0x00000000a6d00000| Complete 
| 622|0x00000000a6e00000, 0x00000000a6f00000, 0x00000000a6f00000|100%| S|CS|TAMS 0x00000000a6e00000, 0x00000000a6e00000| Complete 
| 623|0x00000000a6f00000, 0x00000000a7000000, 0x00000000a7000000|100%| S|CS|TAMS 0x00000000a6f00000, 0x00000000a6f00000| Complete 
| 624|0x00000000a7000000, 0x00000000a7100000, 0x00000000a7100000|100%| S|CS|TAMS 0x00000000a7000000, 0x00000000a7000000| Complete 
| 625|0x00000000a7100000, 0x00000000a7200000, 0x00000000a7200000|100%| S|CS|TAMS 0x00000000a7100000, 0x00000000a7100000| Complete 
| 626|0x00000000a7200000, 0x00000000a7300000, 0x00000000a7300000|100%| S|CS|TAMS 0x00000000a7200000, 0x00000000a7200000| Complete 
| 627|0x00000000a7300000, 0x00000000a7400000, 0x00000000a7400000|100%| S|CS|TAMS 0x00000000a7300000, 0x00000000a7300000| Complete 
| 628|0x00000000a7400000, 0x00000000a7500000, 0x00000000a7500000|100%| S|CS|TAMS 0x00000000a7400000, 0x00000000a7400000| Complete 
| 629|0x00000000a7500000, 0x00000000a7600000, 0x00000000a7600000|100%| S|CS|TAMS 0x00000000a7500000, 0x00000000a7500000| Complete 
| 630|0x00000000a7600000, 0x00000000a7700000, 0x00000000a7700000|100%| S|CS|TAMS 0x00000000a7600000, 0x00000000a7600000| Complete 
| 631|0x00000000a7700000, 0x00000000a7800000, 0x00000000a7800000|100%| S|CS|TAMS 0x00000000a7700000, 0x00000000a7700000| Complete 
| 632|0x00000000a7800000, 0x00000000a7900000, 0x00000000a7900000|100%| S|CS|TAMS 0x00000000a7800000, 0x00000000a7800000| Complete 
| 633|0x00000000a7900000, 0x00000000a7a00000, 0x00000000a7a00000|100%| S|CS|TAMS 0x00000000a7900000, 0x00000000a7900000| Complete 
| 634|0x00000000a7a00000, 0x00000000a7b00000, 0x00000000a7b00000|100%| S|CS|TAMS 0x00000000a7a00000, 0x00000000a7a00000| Complete 
| 635|0x00000000a7b00000, 0x00000000a7c00000, 0x00000000a7c00000|100%| S|CS|TAMS 0x00000000a7b00000, 0x00000000a7b00000| Complete 
| 636|0x00000000a7c00000, 0x00000000a7d00000, 0x00000000a7d00000|100%| S|CS|TAMS 0x00000000a7c00000, 0x00000000a7c00000| Complete 
| 637|0x00000000a7d00000, 0x00000000a7e00000, 0x00000000a7e00000|100%| S|CS|TAMS 0x00000000a7d00000, 0x00000000a7d00000| Complete 
| 638|0x00000000a7e00000, 0x00000000a7f00000, 0x00000000a7f00000|100%| S|CS|TAMS 0x00000000a7e00000, 0x00000000a7e00000| Complete 
| 639|0x00000000a7f00000, 0x00000000a8000000, 0x00000000a8000000|100%| S|CS|TAMS 0x00000000a7f00000, 0x00000000a7f00000| Complete 
| 640|0x00000000a8000000, 0x00000000a8000000, 0x00000000a8100000|  0%| F|  |TAMS 0x00000000a8000000, 0x00000000a8000000| Untracked 
| 641|0x00000000a8100000, 0x00000000a8100000, 0x00000000a8200000|  0%| F|  |TAMS 0x00000000a8100000, 0x00000000a8100000| Untracked 
| 642|0x00000000a8200000, 0x00000000a8200000, 0x00000000a8300000|  0%| F|  |TAMS 0x00000000a8200000, 0x00000000a8200000| Untracked 
| 643|0x00000000a8300000, 0x00000000a8300000, 0x00000000a8400000|  0%| F|  |TAMS 0x00000000a8300000, 0x00000000a8300000| Untracked 
| 644|0x00000000a8400000, 0x00000000a8400000, 0x00000000a8500000|  0%| F|  |TAMS 0x00000000a8400000, 0x00000000a8400000| Untracked 
| 645|0x00000000a8500000, 0x00000000a8500000, 0x00000000a8600000|  0%| F|  |TAMS 0x00000000a8500000, 0x00000000a8500000| Untracked 
| 646|0x00000000a8600000, 0x00000000a8600000, 0x00000000a8700000|  0%| F|  |TAMS 0x00000000a8600000, 0x00000000a8600000| Untracked 
| 647|0x00000000a8700000, 0x00000000a8700000, 0x00000000a8800000|  0%| F|  |TAMS 0x00000000a8700000, 0x00000000a8700000| Untracked 
| 648|0x00000000a8800000, 0x00000000a8800000, 0x00000000a8900000|  0%| F|  |TAMS 0x00000000a8800000, 0x00000000a8800000| Untracked 
| 649|0x00000000a8900000, 0x00000000a8900000, 0x00000000a8a00000|  0%| F|  |TAMS 0x00000000a8900000, 0x00000000a8900000| Untracked 
| 650|0x00000000a8a00000, 0x00000000a8a00000, 0x00000000a8b00000|  0%| F|  |TAMS 0x00000000a8a00000, 0x00000000a8a00000| Untracked 
| 651|0x00000000a8b00000, 0x00000000a8b00000, 0x00000000a8c00000|  0%| F|  |TAMS 0x00000000a8b00000, 0x00000000a8b00000| Untracked 
| 652|0x00000000a8c00000, 0x00000000a8c2d270, 0x00000000a8d00000| 17%| E|  |TAMS 0x00000000a8c00000, 0x00000000a8c00000| Complete 
| 653|0x00000000a8d00000, 0x00000000a8e00000, 0x00000000a8e00000|100%| E|CS|TAMS 0x00000000a8d00000, 0x00000000a8d00000| Complete 
| 654|0x00000000a8e00000, 0x00000000a8f00000, 0x00000000a8f00000|100%| E|CS|TAMS 0x00000000a8e00000, 0x00000000a8e00000| Complete 
| 655|0x00000000a8f00000, 0x00000000a9000000, 0x00000000a9000000|100%| E|CS|TAMS 0x00000000a8f00000, 0x00000000a8f00000| Complete 
| 656|0x00000000a9000000, 0x00000000a9100000, 0x00000000a9100000|100%| E|CS|TAMS 0x00000000a9000000, 0x00000000a9000000| Complete 
| 657|0x00000000a9100000, 0x00000000a9200000, 0x00000000a9200000|100%| E|CS|TAMS 0x00000000a9100000, 0x00000000a9100000| Complete 
| 658|0x00000000a9200000, 0x00000000a9300000, 0x00000000a9300000|100%| E|  |TAMS 0x00000000a9200000, 0x00000000a9200000| Complete 
| 659|0x00000000a9300000, 0x00000000a9400000, 0x00000000a9400000|100%| E|CS|TAMS 0x00000000a9300000, 0x00000000a9300000| Complete 
| 660|0x00000000a9400000, 0x00000000a9500000, 0x00000000a9500000|100%| E|CS|TAMS 0x00000000a9400000, 0x00000000a9400000| Complete 
| 661|0x00000000a9500000, 0x00000000a9600000, 0x00000000a9600000|100%| E|CS|TAMS 0x00000000a9500000, 0x00000000a9500000| Complete 
| 662|0x00000000a9600000, 0x00000000a9700000, 0x00000000a9700000|100%| E|CS|TAMS 0x00000000a9600000, 0x00000000a9600000| Complete 
| 663|0x00000000a9700000, 0x00000000a9800000, 0x00000000a9800000|100%| E|CS|TAMS 0x00000000a9700000, 0x00000000a9700000| Complete 
| 664|0x00000000a9800000, 0x00000000a9900000, 0x00000000a9900000|100%| E|CS|TAMS 0x00000000a9800000, 0x00000000a9800000| Complete 
| 665|0x00000000a9900000, 0x00000000a9a00000, 0x00000000a9a00000|100%| E|CS|TAMS 0x00000000a9900000, 0x00000000a9900000| Complete 
| 666|0x00000000a9a00000, 0x00000000a9b00000, 0x00000000a9b00000|100%| E|CS|TAMS 0x00000000a9a00000, 0x00000000a9a00000| Complete 
| 667|0x00000000a9b00000, 0x00000000a9c00000, 0x00000000a9c00000|100%| E|CS|TAMS 0x00000000a9b00000, 0x00000000a9b00000| Complete 
| 668|0x00000000a9c00000, 0x00000000a9d00000, 0x00000000a9d00000|100%| E|CS|TAMS 0x00000000a9c00000, 0x00000000a9c00000| Complete 
| 669|0x00000000a9d00000, 0x00000000a9e00000, 0x00000000a9e00000|100%| E|CS|TAMS 0x00000000a9d00000, 0x00000000a9d00000| Complete 
| 670|0x00000000a9e00000, 0x00000000a9f00000, 0x00000000a9f00000|100%| E|CS|TAMS 0x00000000a9e00000, 0x00000000a9e00000| Complete 
| 671|0x00000000a9f00000, 0x00000000aa000000, 0x00000000aa000000|100%| E|CS|TAMS 0x00000000a9f00000, 0x00000000a9f00000| Complete 
| 672|0x00000000aa000000, 0x00000000aa100000, 0x00000000aa100000|100%| E|CS|TAMS 0x00000000aa000000, 0x00000000aa000000| Complete 
| 673|0x00000000aa100000, 0x00000000aa200000, 0x00000000aa200000|100%| E|CS|TAMS 0x00000000aa100000, 0x00000000aa100000| Complete 
| 674|0x00000000aa200000, 0x00000000aa300000, 0x00000000aa300000|100%| E|CS|TAMS 0x00000000aa200000, 0x00000000aa200000| Complete 
| 675|0x00000000aa300000, 0x00000000aa400000, 0x00000000aa400000|100%| E|CS|TAMS 0x00000000aa300000, 0x00000000aa300000| Complete 
| 676|0x00000000aa400000, 0x00000000aa500000, 0x00000000aa500000|100%| E|CS|TAMS 0x00000000aa400000, 0x00000000aa400000| Complete 
| 677|0x00000000aa500000, 0x00000000aa600000, 0x00000000aa600000|100%| E|CS|TAMS 0x00000000aa500000, 0x00000000aa500000| Complete 
| 678|0x00000000aa600000, 0x00000000aa700000, 0x00000000aa700000|100%| E|CS|TAMS 0x00000000aa600000, 0x00000000aa600000| Complete 
| 679|0x00000000aa700000, 0x00000000aa800000, 0x00000000aa800000|100%| E|CS|TAMS 0x00000000aa700000, 0x00000000aa700000| Complete 
| 680|0x00000000aa800000, 0x00000000aa900000, 0x00000000aa900000|100%| E|CS|TAMS 0x00000000aa800000, 0x00000000aa800000| Complete 
| 681|0x00000000aa900000, 0x00000000aaa00000, 0x00000000aaa00000|100%| E|CS|TAMS 0x00000000aa900000, 0x00000000aa900000| Complete 
| 682|0x00000000aaa00000, 0x00000000aab00000, 0x00000000aab00000|100%| E|CS|TAMS 0x00000000aaa00000, 0x00000000aaa00000| Complete 
| 683|0x00000000aab00000, 0x00000000aac00000, 0x00000000aac00000|100%| E|CS|TAMS 0x00000000aab00000, 0x00000000aab00000| Complete 
| 684|0x00000000aac00000, 0x00000000aad00000, 0x00000000aad00000|100%| E|CS|TAMS 0x00000000aac00000, 0x00000000aac00000| Complete 
| 685|0x00000000aad00000, 0x00000000aae00000, 0x00000000aae00000|100%| E|CS|TAMS 0x00000000aad00000, 0x00000000aad00000| Complete 
| 686|0x00000000aae00000, 0x00000000aaf00000, 0x00000000aaf00000|100%| E|CS|TAMS 0x00000000aae00000, 0x00000000aae00000| Complete 
| 687|0x00000000aaf00000, 0x00000000ab000000, 0x00000000ab000000|100%| E|CS|TAMS 0x00000000aaf00000, 0x00000000aaf00000| Complete 
| 688|0x00000000ab000000, 0x00000000ab100000, 0x00000000ab100000|100%| E|CS|TAMS 0x00000000ab000000, 0x00000000ab000000| Complete 
| 689|0x00000000ab100000, 0x00000000ab200000, 0x00000000ab200000|100%| E|CS|TAMS 0x00000000ab100000, 0x00000000ab100000| Complete 
| 690|0x00000000ab200000, 0x00000000ab300000, 0x00000000ab300000|100%| E|CS|TAMS 0x00000000ab200000, 0x00000000ab200000| Complete 
| 691|0x00000000ab300000, 0x00000000ab400000, 0x00000000ab400000|100%| E|CS|TAMS 0x00000000ab300000, 0x00000000ab300000| Complete 
| 692|0x00000000ab400000, 0x00000000ab500000, 0x00000000ab500000|100%| E|CS|TAMS 0x00000000ab400000, 0x00000000ab400000| Complete 
| 693|0x00000000ab500000, 0x00000000ab600000, 0x00000000ab600000|100%| E|CS|TAMS 0x00000000ab500000, 0x00000000ab500000| Complete 
| 694|0x00000000ab600000, 0x00000000ab700000, 0x00000000ab700000|100%| E|CS|TAMS 0x00000000ab600000, 0x00000000ab600000| Complete 
| 695|0x00000000ab700000, 0x00000000ab800000, 0x00000000ab800000|100%| E|CS|TAMS 0x00000000ab700000, 0x00000000ab700000| Complete 
| 696|0x00000000ab800000, 0x00000000ab900000, 0x00000000ab900000|100%| E|CS|TAMS 0x00000000ab800000, 0x00000000ab800000| Complete 
| 697|0x00000000ab900000, 0x00000000aba00000, 0x00000000aba00000|100%| E|CS|TAMS 0x00000000ab900000, 0x00000000ab900000| Complete 
| 698|0x00000000aba00000, 0x00000000abb00000, 0x00000000abb00000|100%| E|CS|TAMS 0x00000000aba00000, 0x00000000aba00000| Complete 
| 699|0x00000000abb00000, 0x00000000abc00000, 0x00000000abc00000|100%| E|CS|TAMS 0x00000000abb00000, 0x00000000abb00000| Complete 
| 700|0x00000000abc00000, 0x00000000abd00000, 0x00000000abd00000|100%| E|CS|TAMS 0x00000000abc00000, 0x00000000abc00000| Complete 
| 701|0x00000000abd00000, 0x00000000abe00000, 0x00000000abe00000|100%| E|CS|TAMS 0x00000000abd00000, 0x00000000abd00000| Complete 
| 702|0x00000000abe00000, 0x00000000abf00000, 0x00000000abf00000|100%| E|CS|TAMS 0x00000000abe00000, 0x00000000abe00000| Complete 
| 703|0x00000000abf00000, 0x00000000ac000000, 0x00000000ac000000|100%| E|CS|TAMS 0x00000000abf00000, 0x00000000abf00000| Complete 
| 704|0x00000000ac000000, 0x00000000ac100000, 0x00000000ac100000|100%| E|CS|TAMS 0x00000000ac000000, 0x00000000ac000000| Complete 
| 705|0x00000000ac100000, 0x00000000ac200000, 0x00000000ac200000|100%| E|CS|TAMS 0x00000000ac100000, 0x00000000ac100000| Complete 
| 706|0x00000000ac200000, 0x00000000ac300000, 0x00000000ac300000|100%| E|CS|TAMS 0x00000000ac200000, 0x00000000ac200000| Complete 
| 707|0x00000000ac300000, 0x00000000ac400000, 0x00000000ac400000|100%| E|CS|TAMS 0x00000000ac300000, 0x00000000ac300000| Complete 
| 708|0x00000000ac400000, 0x00000000ac500000, 0x00000000ac500000|100%| E|CS|TAMS 0x00000000ac400000, 0x00000000ac400000| Complete 
| 709|0x00000000ac500000, 0x00000000ac600000, 0x00000000ac600000|100%| E|CS|TAMS 0x00000000ac500000, 0x00000000ac500000| Complete 
| 710|0x00000000ac600000, 0x00000000ac700000, 0x00000000ac700000|100%| E|CS|TAMS 0x00000000ac600000, 0x00000000ac600000| Complete 
| 711|0x00000000ac700000, 0x00000000ac800000, 0x00000000ac800000|100%| E|CS|TAMS 0x00000000ac700000, 0x00000000ac700000| Complete 
| 712|0x00000000ac800000, 0x00000000ac900000, 0x00000000ac900000|100%| E|CS|TAMS 0x00000000ac800000, 0x00000000ac800000| Complete 
| 713|0x00000000ac900000, 0x00000000aca00000, 0x00000000aca00000|100%| E|CS|TAMS 0x00000000ac900000, 0x00000000ac900000| Complete 
| 714|0x00000000aca00000, 0x00000000acb00000, 0x00000000acb00000|100%| E|CS|TAMS 0x00000000aca00000, 0x00000000aca00000| Complete 
| 715|0x00000000acb00000, 0x00000000acc00000, 0x00000000acc00000|100%| E|CS|TAMS 0x00000000acb00000, 0x00000000acb00000| Complete 
| 716|0x00000000acc00000, 0x00000000acd00000, 0x00000000acd00000|100%| E|CS|TAMS 0x00000000acc00000, 0x00000000acc00000| Complete 
| 717|0x00000000acd00000, 0x00000000ace00000, 0x00000000ace00000|100%| E|CS|TAMS 0x00000000acd00000, 0x00000000acd00000| Complete 
| 718|0x00000000ace00000, 0x00000000acf00000, 0x00000000acf00000|100%| E|CS|TAMS 0x00000000ace00000, 0x00000000ace00000| Complete 
| 719|0x00000000acf00000, 0x00000000ad000000, 0x00000000ad000000|100%| E|CS|TAMS 0x00000000acf00000, 0x00000000acf00000| Complete 
| 720|0x00000000ad000000, 0x00000000ad100000, 0x00000000ad100000|100%| E|CS|TAMS 0x00000000ad000000, 0x00000000ad000000| Complete 
| 721|0x00000000ad100000, 0x00000000ad200000, 0x00000000ad200000|100%| E|CS|TAMS 0x00000000ad100000, 0x00000000ad100000| Complete 
| 722|0x00000000ad200000, 0x00000000ad300000, 0x00000000ad300000|100%| E|CS|TAMS 0x00000000ad200000, 0x00000000ad200000| Complete 
| 723|0x00000000ad300000, 0x00000000ad400000, 0x00000000ad400000|100%| E|CS|TAMS 0x00000000ad300000, 0x00000000ad300000| Complete 
| 724|0x00000000ad400000, 0x00000000ad500000, 0x00000000ad500000|100%| E|CS|TAMS 0x00000000ad400000, 0x00000000ad400000| Complete 
| 725|0x00000000ad500000, 0x00000000ad600000, 0x00000000ad600000|100%| E|CS|TAMS 0x00000000ad500000, 0x00000000ad500000| Complete 
| 726|0x00000000ad600000, 0x00000000ad700000, 0x00000000ad700000|100%| E|CS|TAMS 0x00000000ad600000, 0x00000000ad600000| Complete 
| 727|0x00000000ad700000, 0x00000000ad800000, 0x00000000ad800000|100%| E|CS|TAMS 0x00000000ad700000, 0x00000000ad700000| Complete 
| 728|0x00000000ad800000, 0x00000000ad900000, 0x00000000ad900000|100%| E|CS|TAMS 0x00000000ad800000, 0x00000000ad800000| Complete 
| 729|0x00000000ad900000, 0x00000000ada00000, 0x00000000ada00000|100%| E|CS|TAMS 0x00000000ad900000, 0x00000000ad900000| Complete 
| 730|0x00000000ada00000, 0x00000000adb00000, 0x00000000adb00000|100%| E|CS|TAMS 0x00000000ada00000, 0x00000000ada00000| Complete 
| 731|0x00000000adb00000, 0x00000000adc00000, 0x00000000adc00000|100%| E|CS|TAMS 0x00000000adb00000, 0x00000000adb00000| Complete 
| 732|0x00000000adc00000, 0x00000000add00000, 0x00000000add00000|100%| E|CS|TAMS 0x00000000adc00000, 0x00000000adc00000| Complete 
| 733|0x00000000add00000, 0x00000000ade00000, 0x00000000ade00000|100%| E|CS|TAMS 0x00000000add00000, 0x00000000add00000| Complete 
| 734|0x00000000ade00000, 0x00000000adf00000, 0x00000000adf00000|100%| E|CS|TAMS 0x00000000ade00000, 0x00000000ade00000| Complete 
| 735|0x00000000adf00000, 0x00000000ae000000, 0x00000000ae000000|100%| E|CS|TAMS 0x00000000adf00000, 0x00000000adf00000| Complete 
| 736|0x00000000ae000000, 0x00000000ae100000, 0x00000000ae100000|100%| E|CS|TAMS 0x00000000ae000000, 0x00000000ae000000| Complete 
| 737|0x00000000ae100000, 0x00000000ae200000, 0x00000000ae200000|100%| E|CS|TAMS 0x00000000ae100000, 0x00000000ae100000| Complete 
| 738|0x00000000ae200000, 0x00000000ae300000, 0x00000000ae300000|100%| E|CS|TAMS 0x00000000ae200000, 0x00000000ae200000| Complete 
| 739|0x00000000ae300000, 0x00000000ae400000, 0x00000000ae400000|100%| E|CS|TAMS 0x00000000ae300000, 0x00000000ae300000| Complete 
| 740|0x00000000ae400000, 0x00000000ae500000, 0x00000000ae500000|100%| E|CS|TAMS 0x00000000ae400000, 0x00000000ae400000| Complete 
| 741|0x00000000ae500000, 0x00000000ae600000, 0x00000000ae600000|100%| E|CS|TAMS 0x00000000ae500000, 0x00000000ae500000| Complete 
| 742|0x00000000ae600000, 0x00000000ae700000, 0x00000000ae700000|100%| E|CS|TAMS 0x00000000ae600000, 0x00000000ae600000| Complete 
| 743|0x00000000ae700000, 0x00000000ae800000, 0x00000000ae800000|100%| E|CS|TAMS 0x00000000ae700000, 0x00000000ae700000| Complete 
| 744|0x00000000ae800000, 0x00000000ae900000, 0x00000000ae900000|100%| E|CS|TAMS 0x00000000ae800000, 0x00000000ae800000| Complete 
| 745|0x00000000ae900000, 0x00000000aea00000, 0x00000000aea00000|100%| E|CS|TAMS 0x00000000ae900000, 0x00000000ae900000| Complete 
| 746|0x00000000aea00000, 0x00000000aeb00000, 0x00000000aeb00000|100%| E|CS|TAMS 0x00000000aea00000, 0x00000000aea00000| Complete 
| 747|0x00000000aeb00000, 0x00000000aec00000, 0x00000000aec00000|100%| E|CS|TAMS 0x00000000aeb00000, 0x00000000aeb00000| Complete 
| 748|0x00000000aec00000, 0x00000000aed00000, 0x00000000aed00000|100%| E|CS|TAMS 0x00000000aec00000, 0x00000000aec00000| Complete 
| 749|0x00000000aed00000, 0x00000000aee00000, 0x00000000aee00000|100%| E|CS|TAMS 0x00000000aed00000, 0x00000000aed00000| Complete 
| 750|0x00000000aee00000, 0x00000000aef00000, 0x00000000aef00000|100%| E|CS|TAMS 0x00000000aee00000, 0x00000000aee00000| Complete 
| 751|0x00000000aef00000, 0x00000000af000000, 0x00000000af000000|100%| E|CS|TAMS 0x00000000aef00000, 0x00000000aef00000| Complete 
| 752|0x00000000af000000, 0x00000000af100000, 0x00000000af100000|100%| E|CS|TAMS 0x00000000af000000, 0x00000000af000000| Complete 
| 753|0x00000000af100000, 0x00000000af200000, 0x00000000af200000|100%| E|CS|TAMS 0x00000000af100000, 0x00000000af100000| Complete 
| 754|0x00000000af200000, 0x00000000af300000, 0x00000000af300000|100%| E|CS|TAMS 0x00000000af200000, 0x00000000af200000| Complete 
| 755|0x00000000af300000, 0x00000000af400000, 0x00000000af400000|100%| E|CS|TAMS 0x00000000af300000, 0x00000000af300000| Complete 
| 756|0x00000000af400000, 0x00000000af500000, 0x00000000af500000|100%| E|CS|TAMS 0x00000000af400000, 0x00000000af400000| Complete 
| 757|0x00000000af500000, 0x00000000af600000, 0x00000000af600000|100%| E|CS|TAMS 0x00000000af500000, 0x00000000af500000| Complete 
| 758|0x00000000af600000, 0x00000000af700000, 0x00000000af700000|100%| E|CS|TAMS 0x00000000af600000, 0x00000000af600000| Complete 
| 759|0x00000000af700000, 0x00000000af800000, 0x00000000af800000|100%| E|CS|TAMS 0x00000000af700000, 0x00000000af700000| Complete 
| 760|0x00000000af800000, 0x00000000af900000, 0x00000000af900000|100%| E|CS|TAMS 0x00000000af800000, 0x00000000af800000| Complete 
| 761|0x00000000af900000, 0x00000000afa00000, 0x00000000afa00000|100%| E|CS|TAMS 0x00000000af900000, 0x00000000af900000| Complete 
| 762|0x00000000afa00000, 0x00000000afb00000, 0x00000000afb00000|100%| E|CS|TAMS 0x00000000afa00000, 0x00000000afa00000| Complete 
| 763|0x00000000afb00000, 0x00000000afc00000, 0x00000000afc00000|100%| E|CS|TAMS 0x00000000afb00000, 0x00000000afb00000| Complete 
| 764|0x00000000afc00000, 0x00000000afd00000, 0x00000000afd00000|100%| E|CS|TAMS 0x00000000afc00000, 0x00000000afc00000| Complete 
| 765|0x00000000afd00000, 0x00000000afe00000, 0x00000000afe00000|100%| E|CS|TAMS 0x00000000afd00000, 0x00000000afd00000| Complete 
| 766|0x00000000afe00000, 0x00000000aff00000, 0x00000000aff00000|100%| E|CS|TAMS 0x00000000afe00000, 0x00000000afe00000| Complete 
| 767|0x00000000aff00000, 0x00000000b0000000, 0x00000000b0000000|100%| E|CS|TAMS 0x00000000aff00000, 0x00000000aff00000| Complete 
| 768|0x00000000b0000000, 0x00000000b0100000, 0x00000000b0100000|100%| E|CS|TAMS 0x00000000b0000000, 0x00000000b0000000| Complete 
| 769|0x00000000b0100000, 0x00000000b0200000, 0x00000000b0200000|100%| E|CS|TAMS 0x00000000b0100000, 0x00000000b0100000| Complete 
| 770|0x00000000b0200000, 0x00000000b0300000, 0x00000000b0300000|100%| E|CS|TAMS 0x00000000b0200000, 0x00000000b0200000| Complete 
| 771|0x00000000b0300000, 0x00000000b0400000, 0x00000000b0400000|100%| E|CS|TAMS 0x00000000b0300000, 0x00000000b0300000| Complete 
| 772|0x00000000b0400000, 0x00000000b0500000, 0x00000000b0500000|100%| E|CS|TAMS 0x00000000b0400000, 0x00000000b0400000| Complete 
| 773|0x00000000b0500000, 0x00000000b0600000, 0x00000000b0600000|100%| E|CS|TAMS 0x00000000b0500000, 0x00000000b0500000| Complete 
| 774|0x00000000b0600000, 0x00000000b0700000, 0x00000000b0700000|100%| E|CS|TAMS 0x00000000b0600000, 0x00000000b0600000| Complete 
| 775|0x00000000b0700000, 0x00000000b0800000, 0x00000000b0800000|100%| E|CS|TAMS 0x00000000b0700000, 0x00000000b0700000| Complete 
| 776|0x00000000b0800000, 0x00000000b0900000, 0x00000000b0900000|100%| E|CS|TAMS 0x00000000b0800000, 0x00000000b0800000| Complete 
| 777|0x00000000b0900000, 0x00000000b0a00000, 0x00000000b0a00000|100%| E|CS|TAMS 0x00000000b0900000, 0x00000000b0900000| Complete 
| 778|0x00000000b0a00000, 0x00000000b0b00000, 0x00000000b0b00000|100%| E|CS|TAMS 0x00000000b0a00000, 0x00000000b0a00000| Complete 
| 779|0x00000000b0b00000, 0x00000000b0c00000, 0x00000000b0c00000|100%| E|CS|TAMS 0x00000000b0b00000, 0x00000000b0b00000| Complete 
| 780|0x00000000b0c00000, 0x00000000b0d00000, 0x00000000b0d00000|100%| E|CS|TAMS 0x00000000b0c00000, 0x00000000b0c00000| Complete 
| 781|0x00000000b0d00000, 0x00000000b0e00000, 0x00000000b0e00000|100%| E|CS|TAMS 0x00000000b0d00000, 0x00000000b0d00000| Complete 
| 782|0x00000000b0e00000, 0x00000000b0f00000, 0x00000000b0f00000|100%| E|CS|TAMS 0x00000000b0e00000, 0x00000000b0e00000| Complete 
| 783|0x00000000b0f00000, 0x00000000b1000000, 0x00000000b1000000|100%| E|CS|TAMS 0x00000000b0f00000, 0x00000000b0f00000| Complete 
| 784|0x00000000b1000000, 0x00000000b1100000, 0x00000000b1100000|100%| E|CS|TAMS 0x00000000b1000000, 0x00000000b1000000| Complete 
| 785|0x00000000b1100000, 0x00000000b1200000, 0x00000000b1200000|100%| E|CS|TAMS 0x00000000b1100000, 0x00000000b1100000| Complete 
| 786|0x00000000b1200000, 0x00000000b1300000, 0x00000000b1300000|100%| E|CS|TAMS 0x00000000b1200000, 0x00000000b1200000| Complete 
| 787|0x00000000b1300000, 0x00000000b1400000, 0x00000000b1400000|100%| E|CS|TAMS 0x00000000b1300000, 0x00000000b1300000| Complete 
| 788|0x00000000b1400000, 0x00000000b1500000, 0x00000000b1500000|100%| E|CS|TAMS 0x00000000b1400000, 0x00000000b1400000| Complete 
| 789|0x00000000b1500000, 0x00000000b1600000, 0x00000000b1600000|100%| E|CS|TAMS 0x00000000b1500000, 0x00000000b1500000| Complete 
| 790|0x00000000b1600000, 0x00000000b1700000, 0x00000000b1700000|100%| E|CS|TAMS 0x00000000b1600000, 0x00000000b1600000| Complete 
| 791|0x00000000b1700000, 0x00000000b1800000, 0x00000000b1800000|100%| E|CS|TAMS 0x00000000b1700000, 0x00000000b1700000| Complete 
| 792|0x00000000b1800000, 0x00000000b1900000, 0x00000000b1900000|100%| E|CS|TAMS 0x00000000b1800000, 0x00000000b1800000| Complete 
| 793|0x00000000b1900000, 0x00000000b1a00000, 0x00000000b1a00000|100%| E|CS|TAMS 0x00000000b1900000, 0x00000000b1900000| Complete 
| 794|0x00000000b1a00000, 0x00000000b1b00000, 0x00000000b1b00000|100%| E|CS|TAMS 0x00000000b1a00000, 0x00000000b1a00000| Complete 
| 795|0x00000000b1b00000, 0x00000000b1c00000, 0x00000000b1c00000|100%| E|CS|TAMS 0x00000000b1b00000, 0x00000000b1b00000| Complete 
| 796|0x00000000b1c00000, 0x00000000b1d00000, 0x00000000b1d00000|100%| E|CS|TAMS 0x00000000b1c00000, 0x00000000b1c00000| Complete 
| 797|0x00000000b1d00000, 0x00000000b1e00000, 0x00000000b1e00000|100%| E|CS|TAMS 0x00000000b1d00000, 0x00000000b1d00000| Complete 
| 798|0x00000000b1e00000, 0x00000000b1f00000, 0x00000000b1f00000|100%| E|CS|TAMS 0x00000000b1e00000, 0x00000000b1e00000| Complete 
| 799|0x00000000b1f00000, 0x00000000b2000000, 0x00000000b2000000|100%| E|CS|TAMS 0x00000000b1f00000, 0x00000000b1f00000| Complete 

Card table byte_map: [0x00000127cc990000,0x00000127ccd90000] _byte_map_base: 0x00000127cc590000

Marking Bits (Prev, Next): (CMBitMap*) 0x00000127b7e8c900, (CMBitMap*) 0x00000127b7e8c8c0
 Prev Bits: [0x00000127cf190000, 0x00000127d1190000)
 Next Bits: [0x00000127cd190000, 0x00000127cf190000)

Polling page: 0x00000127b7ef0000

Metaspace:

Usage:
  Non-class:    166.08 MB used.
      Class:     24.73 MB used.
       Both:    190.81 MB used.

Virtual space:
  Non-class space:      168.00 MB reserved,     166.62 MB (>99%) committed,  21 nodes.
      Class space:        1.00 GB reserved,      25.25 MB (  2%) committed,  1 nodes.
             Both:        1.16 GB reserved,     191.88 MB ( 16%) committed. 

Chunk freelists:
   Non-Class:  1.14 MB
       Class:  2.76 MB
        Both:  3.90 MB

MaxMetaspaceSize: unlimited
CompressedClassSpaceSize: 1.00 GB
Initial GC threshold: 21.00 MB
Current GC threshold: 284.62 MB
CDS: off
MetaspaceReclaimPolicy: balanced
 - commit_granule_bytes: 65536.
 - commit_granule_words: 8192.
 - virtual_space_node_default_size: 1048576.
 - enlarge_chunks_in_place: 1.
 - new_chunks_are_fully_committed: 0.
 - uncommit_free_chunks: 1.
 - use_allocation_guard: 0.
 - handle_deallocations: 1.


Internal statistics:

num_allocs_failed_limit: 3.
num_arena_births: 1944.
num_arena_deaths: 0.
num_vsnodes_births: 22.
num_vsnodes_deaths: 0.
num_space_committed: 3066.
num_space_uncommitted: 0.
num_chunks_returned_to_freelist: 3.
num_chunks_taken_from_freelist: 9284.
num_chunk_merges: 3.
num_chunk_splits: 6575.
num_chunks_enlarged: 4818.
num_purges: 0.
num_inconsistent_stats: 0.

CodeHeap 'non-profiled nmethods': size=120000Kb used=16026Kb max_used=16026Kb free=103973Kb
 bounds [0x00000127c4600000, 0x00000127c55b0000, 0x00000127cbb30000]
CodeHeap 'profiled nmethods': size=120000Kb used=43796Kb max_used=43796Kb free=76203Kb
 bounds [0x00000127bcb30000, 0x00000127bf600000, 0x00000127c4060000]
CodeHeap 'non-nmethods': size=5760Kb used=2671Kb max_used=2766Kb free=3088Kb
 bounds [0x00000127c4060000, 0x00000127c4320000, 0x00000127c4600000]
 total_blobs=23470 nmethods=22243 adapters=1137
 compilation: enabled
              stopped_count=0, restarted_count=0
 full_count=0

Compilation events (20 events):
Event: 1546.117 Thread 0x00000127d48d70d0 26993       1       com.android.tools.r8.dex.code.Z3::v (4 bytes)
Event: 1546.117 Thread 0x00000127d48d70d0 nmethod 26993 0x00000127c558ec10 code [0x00000127c558eda0, 0x00000127c558ee78]
Event: 1546.117 Thread 0x00000127d48d70d0 26994       1       com.android.tools.r8.dex.code.Z::v (3 bytes)
Event: 1546.117 Thread 0x00000127d48d70d0 nmethod 26994 0x00000127c558ef10 code [0x00000127c558f0a0, 0x00000127c558f178]
Event: 1546.118 Thread 0x00000127d48d70d0 26995       1       com.android.tools.r8.dex.code.m2::v (3 bytes)
Event: 1546.118 Thread 0x00000127d48d70d0 nmethod 26995 0x00000127c558f210 code [0x00000127c558f3a0, 0x00000127c558f478]
Event: 1546.119 Thread 0x00000127d48d70d0 26996       3       com.android.tools.r8.dex.code.R1::a (67 bytes)
Event: 1546.119 Thread 0x00000127d48d70d0 nmethod 26996 0x00000127bf5bd090 code [0x00000127bf5bd2c0, 0x00000127bf5bdcc8]
Event: 1546.119 Thread 0x00000127d48d70d0 26997       3       com.android.tools.r8.internal.ft::c (29 bytes)
Event: 1546.119 Thread 0x00000127d48d70d0 nmethod 26997 0x00000127bf5be090 code [0x00000127bf5be220, 0x00000127bf5be338]
Event: 1546.119 Thread 0x00000127d48d70d0 27000       1       com.android.tools.r8.dex.code.a4::v (4 bytes)
Event: 1546.119 Thread 0x00000127d48d70d0 nmethod 27000 0x00000127c558f510 code [0x00000127c558f6a0, 0x00000127c558f778]
Event: 1546.119 Thread 0x00000127d48d70d0 27002       3       com.android.tools.r8.dex.code.t2::a (23 bytes)
Event: 1546.119 Thread 0x00000127d48d70d0 nmethod 27002 0x00000127bf5be410 code [0x00000127bf5be5c0, 0x00000127bf5be8d8]
Event: 1546.119 Thread 0x00000127d48d70d0 26999       1       com.android.tools.r8.dex.code.y::v (4 bytes)
Event: 1546.119 Thread 0x00000127d48d70d0 nmethod 26999 0x00000127c558f810 code [0x00000127c558f9a0, 0x00000127c558fa78]
Event: 1546.119 Thread 0x00000127d48d70d0 27001       1       com.android.tools.r8.dex.code.f0::v (3 bytes)
Event: 1546.119 Thread 0x00000127d48d70d0 nmethod 27001 0x00000127c558fb10 code [0x00000127c558fca0, 0x00000127c558fd78]
Event: 1546.119 Thread 0x00000127d48d70d0 26998       1       com.android.tools.r8.dex.code.m1::v (3 bytes)
Event: 1547.118 Thread 0x00000127d48d70d0 nmethod 26998 0x00000127c558fe10 code [0x00000127c558ffa0, 0x00000127c5590078]

GC Heap History (20 events):
Event: 1536.346 GC heap before
{Heap before GC invocations=68 (full 0):
 garbage-first heap   total 503808K, used 311607K [0x0000000080000000, 0x0000000100000000)
  region size 1024K, 24 young (24576K), 4 survivors (4096K)
 Metaspace       used 173809K, committed 174912K, reserved 1204224K
  class space    used 22491K, committed 23040K, reserved 1048576K
}
Event: 1536.352 GC heap after
{Heap after GC invocations=69 (full 0):
 garbage-first heap   total 503808K, used 294831K [0x0000000080000000, 0x0000000100000000)
  region size 1024K, 3 young (3072K), 3 survivors (3072K)
 Metaspace       used 173809K, committed 174912K, reserved 1204224K
  class space    used 22491K, committed 23040K, reserved 1048576K
}
Event: 1536.546 GC heap before
{Heap before GC invocations=69 (full 0):
 garbage-first heap   total 503808K, used 333743K [0x0000000080000000, 0x0000000100000000)
  region size 1024K, 24 young (24576K), 3 survivors (3072K)
 Metaspace       used 174080K, committed 175232K, reserved 1204224K
  class space    used 22516K, committed 23104K, reserved 1048576K
}
Event: 1536.558 GC heap after
{Heap after GC invocations=70 (full 0):
 garbage-first heap   total 503808K, used 280143K [0x0000000080000000, 0x0000000100000000)
  region size 1024K, 2 young (2048K), 2 survivors (2048K)
 Metaspace       used 174080K, committed 175232K, reserved 1204224K
  class space    used 22516K, committed 23104K, reserved 1048576K
}
Event: 1537.345 GC heap before
{Heap before GC invocations=70 (full 0):
 garbage-first heap   total 503808K, used 392783K [0x0000000080000000, 0x0000000100000000)
  region size 1024K, 113 young (115712K), 2 survivors (2048K)
 Metaspace       used 177620K, committed 178752K, reserved 1212416K
  class space    used 22803K, committed 23360K, reserved 1048576K
}
Event: 1537.357 GC heap after
{Heap after GC invocations=71 (full 0):
 garbage-first heap   total 503808K, used 296833K [0x0000000080000000, 0x0000000100000000)
  region size 1024K, 15 young (15360K), 15 survivors (15360K)
 Metaspace       used 177620K, committed 178752K, reserved 1212416K
  class space    used 22803K, committed 23360K, reserved 1048576K
}
Event: 1539.233 GC heap before
{Heap before GC invocations=71 (full 0):
 garbage-first heap   total 503808K, used 400257K [0x0000000080000000, 0x0000000100000000)
  region size 1024K, 117 young (119808K), 15 survivors (15360K)
 Metaspace       used 180963K, committed 182080K, reserved 1212416K
  class space    used 23197K, committed 23744K, reserved 1048576K
}
Event: 1539.242 GC heap after
{Heap after GC invocations=72 (full 0):
 garbage-first heap   total 503808K, used 291708K [0x0000000080000000, 0x0000000100000000)
  region size 1024K, 6 young (6144K), 6 survivors (6144K)
 Metaspace       used 180963K, committed 182080K, reserved 1212416K
  class space    used 23197K, committed 23744K, reserved 1048576K
}
Event: 1540.321 GC heap before
{Heap before GC invocations=72 (full 0):
 garbage-first heap   total 503808K, used 418684K [0x0000000080000000, 0x0000000100000000)
  region size 1024K, 117 young (119808K), 6 survivors (6144K)
 Metaspace       used 183761K, committed 184896K, reserved 1212416K
  class space    used 23576K, committed 24128K, reserved 1048576K
}
Event: 1540.335 GC heap after
{Heap after GC invocations=73 (full 0):
 garbage-first heap   total 503808K, used 318251K [0x0000000080000000, 0x0000000100000000)
  region size 1024K, 15 young (15360K), 15 survivors (15360K)
 Metaspace       used 183761K, committed 184896K, reserved 1212416K
  class space    used 23576K, committed 24128K, reserved 1048576K
}
Event: 1541.155 GC heap before
{Heap before GC invocations=73 (full 0):
 garbage-first heap   total 503808K, used 450347K [0x0000000080000000, 0x0000000100000000)
  region size 1024K, 108 young (110592K), 15 survivors (15360K)
 Metaspace       used 187108K, committed 188288K, reserved 1220608K
  class space    used 24055K, committed 24640K, reserved 1048576K
}
Event: 1541.173 GC heap after
{Heap after GC invocations=74 (full 0):
 garbage-first heap   total 503808K, used 346694K [0x0000000080000000, 0x0000000100000000)
  region size 1024K, 14 young (14336K), 14 survivors (14336K)
 Metaspace       used 187108K, committed 188288K, reserved 1220608K
  class space    used 24055K, committed 24640K, reserved 1048576K
}
Event: 1541.637 GC heap before
{Heap before GC invocations=74 (full 0):
 garbage-first heap   total 503808K, used 419398K [0x0000000080000000, 0x0000000100000000)
  region size 1024K, 84 young (86016K), 14 survivors (14336K)
 Metaspace       used 189865K, committed 191040K, reserved 1220608K
  class space    used 24606K, committed 25152K, reserved 1048576K
}
Event: 1541.676 GC heap after
{Heap after GC invocations=75 (full 0):
 garbage-first heap   total 503808K, used 377775K [0x0000000080000000, 0x0000000100000000)
  region size 1024K, 11 young (11264K), 11 survivors (11264K)
 Metaspace       used 189865K, committed 191040K, reserved 1220608K
  class space    used 24606K, committed 25152K, reserved 1048576K
}
Event: 1541.792 GC heap before
{Heap before GC invocations=75 (full 0):
 garbage-first heap   total 503808K, used 418735K [0x0000000080000000, 0x0000000100000000)
  region size 1024K, 51 young (52224K), 11 survivors (11264K)
 Metaspace       used 189894K, committed 191040K, reserved 1220608K
  class space    used 24606K, committed 25152K, reserved 1048576K
}
Event: 1541.832 GC heap after
{Heap after GC invocations=76 (full 0):
 garbage-first heap   total 503808K, used 400384K [0x0000000080000000, 0x0000000100000000)
  region size 1024K, 7 young (7168K), 7 survivors (7168K)
 Metaspace       used 189894K, committed 191040K, reserved 1220608K
  class space    used 24606K, committed 25152K, reserved 1048576K
}
Event: 1541.939 GC heap before
{Heap before GC invocations=76 (full 0):
 garbage-first heap   total 503808K, used 424960K [0x0000000080000000, 0x0000000100000000)
  region size 1024K, 32 young (32768K), 7 survivors (7168K)
 Metaspace       used 189928K, committed 191104K, reserved 1220608K
  class space    used 24606K, committed 25152K, reserved 1048576K
}
Event: 1541.966 GC heap after
{Heap after GC invocations=77 (full 0):
 garbage-first heap   total 819200K, used 414720K [0x0000000080000000, 0x0000000100000000)
  region size 1024K, 4 young (4096K), 4 survivors (4096K)
 Metaspace       used 189928K, committed 191104K, reserved 1220608K
  class space    used 24606K, committed 25152K, reserved 1048576K
}
Event: 1545.027 GC heap before
{Heap before GC invocations=77 (full 0):
 garbage-first heap   total 819200K, used 593920K [0x0000000080000000, 0x0000000100000000)
  region size 1024K, 164 young (167936K), 4 survivors (4096K)
 Metaspace       used 194853K, committed 196032K, reserved 1220608K
  class space    used 25280K, committed 25856K, reserved 1048576K
}
Event: 1545.054 GC heap after
{Heap after GC invocations=78 (full 0):
 garbage-first heap   total 819200K, used 445694K [0x0000000080000000, 0x0000000100000000)
  region size 1024K, 19 young (19456K), 19 survivors (19456K)
 Metaspace       used 194853K, committed 196032K, reserved 1220608K
  class space    used 25280K, committed 25856K, reserved 1048576K
}

Dll operation events (2 events):
Event: 0.005 Loaded shared library C:\Program Files\Android\Android Studio\jbr\bin\java.dll
Event: 0.251 Loaded shared library C:\Program Files\Android\Android Studio\jbr\bin\verify.dll

Deoptimization events (20 events):
Event: 1545.652 Thread 0x00000127ddd5a4e0 Uncommon trap: trap_request=0xffffffbe fr.pc=0x00000127c4ce7ee0 relative=0x0000000000000aa0
Event: 1545.652 Thread 0x00000127ddd5a4e0 Uncommon trap: reason=profile_predicate action=maybe_recompile pc=0x00000127c4ce7ee0 method=com.android.tools.r8.graph.y4.g(Ljava/util/function/Function;)Lcom/android/tools/r8/utils/D3; @ 15 c2
Event: 1545.652 Thread 0x00000127ddd5a4e0 DEOPT PACKING pc=0x00000127c4ce7ee0 sp=0x0000000fecefe620
Event: 1545.652 Thread 0x00000127ddd5a4e0 DEOPT UNPACKING pc=0x00000127c40ba1a3 sp=0x0000000fecefe620 mode 2
Event: 1545.821 Thread 0x00000127ddd5a4e0 Uncommon trap: trap_request=0xffffff45 fr.pc=0x00000127c54a37d4 relative=0x00000000000017b4
Event: 1545.821 Thread 0x00000127ddd5a4e0 Uncommon trap: reason=unstable_if action=reinterpret pc=0x00000127c54a37d4 method=java.util.TimSort.mergeLo(IIII)V @ 87 c2
Event: 1545.821 Thread 0x00000127ddd5a4e0 DEOPT PACKING pc=0x00000127c54a37d4 sp=0x0000000fecefe6f0
Event: 1545.821 Thread 0x00000127ddd5a4e0 DEOPT UNPACKING pc=0x00000127c40ba1a3 sp=0x0000000fecefe6e0 mode 2
Event: 1545.864 Thread 0x00000127ddd5a4e0 Uncommon trap: trap_request=0xffffff45 fr.pc=0x00000127c54a6450 relative=0x0000000000001bb0
Event: 1545.864 Thread 0x00000127ddd5a4e0 Uncommon trap: reason=unstable_if action=reinterpret pc=0x00000127c54a6450 method=java.util.TimSort.mergeHi(IIII)V @ 584 c2
Event: 1545.864 Thread 0x00000127ddd5a4e0 DEOPT PACKING pc=0x00000127c54a6450 sp=0x0000000fecefe6e0
Event: 1545.864 Thread 0x00000127ddd5a4e0 DEOPT UNPACKING pc=0x00000127c40ba1a3 sp=0x0000000fecefe6c8 mode 2
Event: 1545.932 Thread 0x00000127ddd5a4e0 Uncommon trap: trap_request=0xffffff45 fr.pc=0x00000127c552ed78 relative=0x0000000000000478
Event: 1545.932 Thread 0x00000127ddd5a4e0 Uncommon trap: reason=unstable_if action=reinterpret pc=0x00000127c552ed78 method=com.android.tools.r8.internal.EI.a(ILjava/lang/Object;)I @ 66 c2
Event: 1545.932 Thread 0x00000127ddd5a4e0 DEOPT PACKING pc=0x00000127c552ed78 sp=0x0000000fecefe950
Event: 1545.932 Thread 0x00000127ddd5a4e0 DEOPT UNPACKING pc=0x00000127c40ba1a3 sp=0x0000000fecefe910 mode 2
Event: 1546.083 Thread 0x00000127ddd5a4e0 Uncommon trap: trap_request=0xffffff45 fr.pc=0x00000127c5505bc8 relative=0x0000000000000448
Event: 1546.083 Thread 0x00000127ddd5a4e0 Uncommon trap: reason=unstable_if action=reinterpret pc=0x00000127c5505bc8 method=com.android.tools.r8.internal.BR.a(ILjava/lang/Object;)I @ 63 c2
Event: 1546.083 Thread 0x00000127ddd5a4e0 DEOPT PACKING pc=0x00000127c5505bc8 sp=0x0000000fecefe320
Event: 1546.083 Thread 0x00000127ddd5a4e0 DEOPT UNPACKING pc=0x00000127c40ba1a3 sp=0x0000000fecefe2d8 mode 2

Classes unloaded (0 events):
No events

Classes redefined (0 events):
No events

Internal exceptions (20 events):
Event: 1541.117 Thread 0x00000127df1299d0 Exception <a 'java/lang/NoSuchMethodError'{0x000000009bc8bfd0}: 'void java.lang.invoke.DirectMethodHandle$Holder.invokeStatic(java.lang.Object, long)'> (0x000000009bc8bfd0) 
thrown [s\src\hotspot\share\interpreter\linkResolver.cpp, line 771]
Event: 1541.118 Thread 0x00000127df1299d0 Exception <a 'java/lang/NoSuchMethodError'{0x0000000099497598}: 'java.lang.Object java.lang.invoke.DirectMethodHandle$Holder.newInvokeSpecial(java.lang.Object, long)'> (0x0000000099497598) 
thrown [s\src\hotspot\share\interpreter\linkResolver.cpp, line 771]
Event: 1541.120 Thread 0x00000127df1299d0 Exception <a 'java/lang/NoSuchMethodError'{0x000000009949e1f0}: 'java.lang.Object java.lang.invoke.DirectMethodHandle$Holder.invokeStatic(java.lang.Object, java.lang.Object, long, java.lang.Object)'> (0x000000009949e1f0) 
thrown [s\src\hotspot\share\interpreter\linkResolver.cpp, line 771]
Event: 1541.121 Thread 0x00000127df1299d0 Exception <a 'java/lang/NoSuchMethodError'{0x00000000994a1c70}: 'java.lang.Object java.lang.invoke.DirectMethodHandle$Holder.invokeStaticInit(java.lang.Object, java.lang.Object, long, java.lang.Object)'> (0x00000000994a1c70) 
thrown [s\src\hotspot\share\interpreter\linkResolver.cpp, line 771]
Event: 1541.312 Thread 0x00000127da03d4f0 Exception <a 'java/lang/IncompatibleClassChangeError'{0x000000009d22cb78}: Found class java.lang.Object, but interface was expected> (0x000000009d22cb78) 
thrown [s\src\hotspot\share\interpreter\linkResolver.cpp, line 838]
Event: 1541.354 Thread 0x00000127da03d4f0 Exception <a 'java/lang/NoSuchMethodError'{0x000000009d071fd8}: 'long java.lang.invoke.DirectMethodHandle$Holder.invokeStatic(java.lang.Object, java.lang.Object, java.lang.Object)'> (0x000000009d071fd8) 
thrown [s\src\hotspot\share\interpreter\linkResolver.cpp, line 771]
Event: 1541.354 Thread 0x00000127dfc9a420 Exception <a 'java/lang/NoSuchMethodError'{0x000000009d084330}: 'long java.lang.invoke.DirectMethodHandle$Holder.invokeStatic(java.lang.Object, java.lang.Object, java.lang.Object)'> (0x000000009d084330) 
thrown [s\src\hotspot\share\interpreter\linkResolver.cpp, line 771]
Event: 1541.372 Thread 0x00000127da03d4f0 Exception <a 'java/lang/IncompatibleClassChangeError'{0x000000009cf3f4a0}: Found class java.lang.Object, but interface was expected> (0x000000009cf3f4a0) 
thrown [s\src\hotspot\share\interpreter\linkResolver.cpp, line 838]
Event: 1541.372 Thread 0x00000127da03d4f0 Exception <a 'java/lang/IncompatibleClassChangeError'{0x000000009cf50270}: Found class java.lang.Object, but interface was expected> (0x000000009cf50270) 
thrown [s\src\hotspot\share\interpreter\linkResolver.cpp, line 838]
Event: 1542.339 Thread 0x00000127df12a840 Exception <a 'java/lang/IncompatibleClassChangeError'{0x00000000b12adde8}: Found class java.lang.Object, but interface was expected> (0x00000000b12adde8) 
thrown [s\src\hotspot\share\interpreter\linkResolver.cpp, line 838]
Event: 1542.340 Thread 0x00000127df12a840 Exception <a 'java/lang/NoSuchMethodError'{0x00000000b12b3f20}: 'void java.lang.invoke.DirectMethodHandle$Holder.invokeInterface(java.lang.Object, java.lang.Object, java.lang.Object, int)'> (0x00000000b12b3f20) 
thrown [s\src\hotspot\share\interpreter\linkResolver.cpp, line 771]
Event: 1542.925 Thread 0x00000127df12a840 Exception <a 'java/lang/IncompatibleClassChangeError'{0x00000000afc2df10}: Found class java.lang.Object, but interface was expected> (0x00000000afc2df10) 
thrown [s\src\hotspot\share\interpreter\linkResolver.cpp, line 838]
Event: 1542.955 Thread 0x00000127df12a840 Exception <a 'java/lang/NoSuchMethodError'{0x00000000afb09228}: 'java.lang.Object java.lang.invoke.DirectMethodHandle$Holder.newInvokeSpecial(java.lang.Object, java.lang.Object, int, java.lang.Object, java.lang.Object, java.lang.Object)'> (0x00000000afb09228) 
thrown [s\src\hotspot\share\interpreter\linkResolver.cpp, line 771]
Event: 1542.956 Thread 0x00000127df12a840 Exception <a 'java/lang/NoSuchMethodError'{0x00000000afb10ca0}: 'java.lang.Object java.lang.invoke.Invokers$Holder.linkToTargetMethod(java.lang.Object, int, java.lang.Object, java.lang.Object, java.lang.Object, java.lang.Object)'> (0x00000000afb10ca0) 
thrown [s\src\hotspot\share\interpreter\linkResolver.cpp, line 771]
Event: 1542.958 Thread 0x00000127df12a840 Exception <a 'java/lang/NoSuchMethodError'{0x00000000afb1ded0}: 'java.lang.Object java.lang.invoke.DirectMethodHandle$Holder.newInvokeSpecial(java.lang.Object, int, java.lang.Object, java.lang.Object)'> (0x00000000afb1ded0) 
thrown [s\src\hotspot\share\interpreter\linkResolver.cpp, line 771]
Event: 1542.958 Thread 0x00000127df12a840 Exception <a 'java/lang/NoSuchMethodError'{0x00000000afb21fc0}: 'java.lang.Object java.lang.invoke.DirectMethodHandle$Holder.invokeSpecial(java.lang.Object, java.lang.Object, int, java.lang.Object, java.lang.Object)'> (0x00000000afb21fc0) 
thrown [s\src\hotspot\share\interpreter\linkResolver.cpp, line 771]
Event: 1543.069 Thread 0x00000127df12a840 Exception <a 'java/lang/NoSuchMethodError'{0x00000000af8c1ac0}: 'void java.lang.invoke.DirectMethodHandle$Holder.invokeStatic(java.lang.Object, java.lang.Object, java.lang.Object, java.lang.Object, java.lang.Object, java.lang.Object, java.lang.Object, java.lang.Object)'> (0x00000000af8c1ac0) 
thrown [s\src\hotspot\share\interpreter\linkResolver.cpp, line 771]
Event: 1543.100 Thread 0x00000127df12a840 Implicit null exception at 0x00000127c4effbcf to 0x00000127c4effcd8
Event: 1544.242 Thread 0x00000127df12a840 Exception <a 'java/lang/IncompatibleClassChangeError'{0x00000000a9ef7c60}: Found class java.lang.Object, but interface was expected> (0x00000000a9ef7c60) 
thrown [s\src\hotspot\share\interpreter\linkResolver.cpp, line 838]
Event: 1546.082 Thread 0x00000127ddd5a4e0 Exception <a 'java/lang/NoSuchMethodError'{0x00000000a9b96478}: 'void java.lang.invoke.DirectMethodHandle$Holder.invokeSpecial(java.lang.Object, java.lang.Object, int)'> (0x00000000a9b96478) 
thrown [s\src\hotspot\share\interpreter\linkResolver.cpp, line 771]

VM Operations (20 events):
Event: 1545.236 Executing VM operation: ICBufferFull done
Event: 1545.256 Executing VM operation: HandshakeAllThreads
Event: 1545.256 Executing VM operation: HandshakeAllThreads done
Event: 1545.331 Executing VM operation: HandshakeAllThreads
Event: 1545.332 Executing VM operation: HandshakeAllThreads done
Event: 1545.498 Executing VM operation: ICBufferFull
Event: 1545.498 Executing VM operation: ICBufferFull done
Event: 1545.572 Executing VM operation: HandshakeAllThreads
Event: 1545.572 Executing VM operation: HandshakeAllThreads done
Event: 1545.644 Executing VM operation: HandshakeAllThreads
Event: 1545.644 Executing VM operation: HandshakeAllThreads done
Event: 1545.928 Executing VM operation: HandshakeAllThreads
Event: 1545.929 Executing VM operation: HandshakeAllThreads done
Event: 1545.931 Executing VM operation: HandshakeAllThreads
Event: 1545.931 Executing VM operation: HandshakeAllThreads done
Event: 1546.086 Executing VM operation: HandshakeAllThreads
Event: 1546.086 Executing VM operation: HandshakeAllThreads done
Event: 1546.087 Executing VM operation: ICBufferFull
Event: 1546.088 Executing VM operation: ICBufferFull done
Event: 1547.102 Executing VM operation: Cleanup

Events (20 events):
Event: 1545.233 Thread 0x00000127d48e19f0 flushing nmethod 0x00000127bed29490
Event: 1545.233 Thread 0x00000127d48e19f0 flushing nmethod 0x00000127bed2aa90
Event: 1545.233 Thread 0x00000127d48e19f0 flushing nmethod 0x00000127beda4910
Event: 1545.233 Thread 0x00000127d48e19f0 flushing nmethod 0x00000127beedce10
Event: 1545.234 Thread 0x00000127d48e19f0 flushing nmethod 0x00000127bef0d090
Event: 1545.234 Thread 0x00000127d48e19f0 flushing nmethod 0x00000127bef0e610
Event: 1545.234 Thread 0x00000127d48e19f0 flushing nmethod 0x00000127bef11190
Event: 1545.234 Thread 0x00000127d48e19f0 flushing nmethod 0x00000127bef11e90
Event: 1545.234 Thread 0x00000127d48e19f0 flushing nmethod 0x00000127bef38910
Event: 1545.234 Thread 0x00000127d48e19f0 flushing nmethod 0x00000127bef38d10
Event: 1545.234 Thread 0x00000127d48e19f0 flushing nmethod 0x00000127bef39b90
Event: 1545.234 Thread 0x00000127d48e19f0 flushing nmethod 0x00000127bef3ae10
Event: 1545.234 Thread 0x00000127d48e19f0 flushing nmethod 0x00000127bef3b190
Event: 1545.234 Thread 0x00000127d48e19f0 flushing nmethod 0x00000127bef3b590
Event: 1545.234 Thread 0x00000127d48e19f0 flushing nmethod 0x00000127bf07fc90
Event: 1545.236 Thread 0x00000127d48e19f0 flushing nmethod 0x00000127bf406010
Event: 1545.236 Thread 0x00000127d48e19f0 flushing nmethod 0x00000127bf420f90
Event: 1545.482 Thread 0x00000127df560f00 Thread added: 0x00000127df560f00
Event: 1546.083 loading class java/nio/ByteBufferAsShortBufferL
Event: 1546.084 loading class java/nio/ByteBufferAsShortBufferL done


Dynamic libraries:
0x00007ff7909e0000 - 0x00007ff7909ea000 	C:\Program Files\Android\Android Studio\jbr\bin\java.exe
0x00007ffb49ac0000 - 0x00007ffb49d28000 	C:\WINDOWS\SYSTEM32\ntdll.dll
0x00007ffb47c10000 - 0x00007ffb47cd9000 	C:\WINDOWS\System32\KERNEL32.DLL
0x00007ffb463a0000 - 0x00007ffb46791000 	C:\WINDOWS\System32\KERNELBASE.dll
0x00007ffb47460000 - 0x00007ffb475ab000 	C:\WINDOWS\System32\ucrtbase.dll
0x00007ffb2b320000 - 0x00007ffb2b337000 	C:\Program Files\Android\Android Studio\jbr\bin\jli.dll
0x00007ffb47a10000 - 0x00007ffb47bd6000 	C:\WINDOWS\System32\USER32.dll
0x00007ffb46910000 - 0x00007ffb46937000 	C:\WINDOWS\System32\win32u.dll
0x00007ffb1dac0000 - 0x00007ffb1dd53000 	C:\WINDOWS\WinSxS\amd64_microsoft.windows.common-controls_6595b64144ccf1df_6.0.26100.7824_none_3e0870b2e3345462\COMCTL32.dll
0x00007ffb49640000 - 0x00007ffb496e9000 	C:\WINDOWS\System32\msvcrt.dll
0x00007ffb47be0000 - 0x00007ffb47c0b000 	C:\WINDOWS\System32\GDI32.dll
0x00007ffb46ac0000 - 0x00007ffb46beb000 	C:\WINDOWS\System32\gdi32full.dll
0x00007ffb477b0000 - 0x00007ffb47853000 	C:\WINDOWS\System32\msvcp_win.dll
0x00007ffb2b050000 - 0x00007ffb2b06b000 	C:\Program Files\Android\Android Studio\jbr\bin\VCRUNTIME140.dll
0x00007ffb478d0000 - 0x00007ffb47901000 	C:\WINDOWS\System32\IMM32.DLL
0x00007ffb35950000 - 0x00007ffb3595c000 	C:\Program Files\Android\Android Studio\jbr\bin\vcruntime140_1.dll
0x00007ffb25aa0000 - 0x00007ffb25b2d000 	C:\Program Files\Android\Android Studio\jbr\bin\msvcp140.dll
0x00007ffad9bd0000 - 0x00007ffada83e000 	C:\Program Files\Android\Android Studio\jbr\bin\server\jvm.dll
0x00007ffb49100000 - 0x00007ffb491b4000 	C:\WINDOWS\System32\ADVAPI32.dll
0x00007ffb497f0000 - 0x00007ffb49896000 	C:\WINDOWS\System32\sechost.dll
0x00007ffb48070000 - 0x00007ffb48188000 	C:\WINDOWS\System32\RPCRT4.dll
0x00007ffb2b250000 - 0x00007ffb2b25b000 	C:\WINDOWS\SYSTEM32\VERSION.dll
0x00007ffb3dee0000 - 0x00007ffb3deea000 	C:\WINDOWS\SYSTEM32\WSOCK32.dll
0x00007ffb49220000 - 0x00007ffb49294000 	C:\WINDOWS\System32\WS2_32.dll
0x00007ffb3acb0000 - 0x00007ffb3ace5000 	C:\WINDOWS\SYSTEM32\WINMM.dll
0x00007ffb45100000 - 0x00007ffb4511b000 	C:\WINDOWS\SYSTEM32\kernel.appcore.dll
0x00007ffb3ded0000 - 0x00007ffb3deda000 	C:\Program Files\Android\Android Studio\jbr\bin\jimage.dll
0x00007ffb44390000 - 0x00007ffb445d2000 	C:\WINDOWS\SYSTEM32\DBGHELP.DLL
0x00007ffb47ce0000 - 0x00007ffb48066000 	C:\WINDOWS\System32\combase.dll
0x00007ffb48f10000 - 0x00007ffb48fe7000 	C:\WINDOWS\System32\OLEAUT32.dll
0x00007ffb11000000 - 0x00007ffb1103b000 	C:\WINDOWS\SYSTEM32\dbgcore.DLL
0x00007ffb47700000 - 0x00007ffb477a5000 	C:\WINDOWS\System32\bcryptPrimitives.dll
0x00007ffb2b380000 - 0x00007ffb2b3a5000 	C:\Program Files\Android\Android Studio\jbr\bin\java.dll
0x00007ffb34760000 - 0x00007ffb34778000 	C:\Program Files\Android\Android Studio\jbr\bin\zip.dll
0x00007ffb48190000 - 0x00007ffb488e2000 	C:\WINDOWS\System32\SHELL32.dll
0x00007ffb467a0000 - 0x00007ffb4690a000 	C:\WINDOWS\System32\wintypes.dll
0x00007ffb46bf0000 - 0x00007ffb47453000 	C:\WINDOWS\System32\windows.storage.dll
0x00007ffb496f0000 - 0x00007ffb497e6000 	C:\WINDOWS\System32\SHCORE.dll
0x00007ffb47860000 - 0x00007ffb478c7000 	C:\WINDOWS\System32\shlwapi.dll
0x00007ffb462c0000 - 0x00007ffb462e9000 	C:\WINDOWS\SYSTEM32\profapi.dll
0x00007ffb32360000 - 0x00007ffb32379000 	C:\Program Files\Android\Android Studio\jbr\bin\net.dll
0x00007ffb3e6e0000 - 0x00007ffb3e807000 	C:\WINDOWS\SYSTEM32\WINHTTP.dll
0x00007ffb45650000 - 0x00007ffb456bb000 	C:\WINDOWS\system32\mswsock.dll
0x00007ffb2b760000 - 0x00007ffb2b776000 	C:\Program Files\Android\Android Studio\jbr\bin\nio.dll
0x00007ffb35680000 - 0x00007ffb35690000 	C:\Program Files\Android\Android Studio\jbr\bin\verify.dll
0x00007ffb2a260000 - 0x00007ffb2a287000 	C:\Users\alunoinfo.DESKTOP-FFTGG6Q\.gradle\native\68d5fa5c4cc2d200863cafc0d521ce42e7d3e7ee720ec0a83991735586a16f82\windows-amd64\native-platform.dll
0x00007ffb248b0000 - 0x00007ffb249f4000 	C:\Users\alunoinfo.DESKTOP-FFTGG6Q\.gradle\native\e376f236ea51e6404a007f0833ffe2c6e607c4080706a723a18a27aeea778392\windows-amd64\native-platform-file-events.dll
0x00007ffb35660000 - 0x00007ffb35669000 	C:\Program Files\Android\Android Studio\jbr\bin\management.dll
0x00007ffb34ac0000 - 0x00007ffb34acb000 	C:\Program Files\Android\Android Studio\jbr\bin\management_ext.dll
0x00007ffb492a0000 - 0x00007ffb492a8000 	C:\WINDOWS\System32\PSAPI.DLL
0x00007ffb45a40000 - 0x00007ffb45a5b000 	C:\WINDOWS\SYSTEM32\CRYPTSP.dll
0x00007ffb45060000 - 0x00007ffb45099000 	C:\WINDOWS\system32\rsaenh.dll
0x00007ffb45700000 - 0x00007ffb4572b000 	C:\WINDOWS\SYSTEM32\USERENV.dll
0x00007ffb46290000 - 0x00007ffb462ba000 	C:\WINDOWS\SYSTEM32\bcrypt.dll
0x00007ffb45a20000 - 0x00007ffb45a2c000 	C:\WINDOWS\SYSTEM32\CRYPTBASE.dll
0x00007ffb44bb0000 - 0x00007ffb44be4000 	C:\WINDOWS\SYSTEM32\IPHLPAPI.DLL
0x00007ffb49020000 - 0x00007ffb4902a000 	C:\WINDOWS\System32\NSI.dll
0x00007ffb3e9f0000 - 0x00007ffb3ea0e000 	C:\WINDOWS\SYSTEM32\dhcpcsvc6.DLL
0x00007ffb3e9c0000 - 0x00007ffb3e9e3000 	C:\WINDOWS\SYSTEM32\dhcpcsvc.DLL
0x00007ffb44bf0000 - 0x00007ffb44d1c000 	C:\WINDOWS\SYSTEM32\DNSAPI.dll
0x00007ffb40ec0000 - 0x00007ffb40ec8000 	C:\WINDOWS\system32\wshunix.dll
0x00007ffb3ac80000 - 0x00007ffb3ac8b000 	C:\Windows\System32\rasadhlp.dll
0x00007ffb3ed10000 - 0x00007ffb3ed96000 	C:\WINDOWS\System32\fwpuclnt.dll
0x00007ffb45220000 - 0x00007ffb45256000 	C:\WINDOWS\SYSTEM32\ntmarta.dll

dbghelp: loaded successfully - version: 4.0.5 - missing functions: none
symbol engine: initialized successfully - sym options: 0x614 - pdb path: .;C:\Program Files\Android\Android Studio\jbr\bin;C:\WINDOWS\SYSTEM32;C:\WINDOWS\WinSxS\amd64_microsoft.windows.common-controls_6595b64144ccf1df_6.0.26100.7824_none_3e0870b2e3345462;C:\Program Files\Android\Android Studio\jbr\bin\server;C:\Users\alunoinfo.DESKTOP-FFTGG6Q\.gradle\native\68d5fa5c4cc2d200863cafc0d521ce42e7d3e7ee720ec0a83991735586a16f82\windows-amd64;C:\Users\alunoinfo.DESKTOP-FFTGG6Q\.gradle\native\e376f236ea51e6404a007f0833ffe2c6e607c4080706a723a18a27aeea778392\windows-amd64

VM Arguments:
jvm_args: --add-opens=java.base/java.util=ALL-UNNAMED --add-opens=java.base/java.lang=ALL-UNNAMED --add-opens=java.base/java.lang.invoke=ALL-UNNAMED --add-opens=java.prefs/java.util.prefs=ALL-UNNAMED --add-opens=java.base/java.nio.charset=ALL-UNNAMED --add-opens=java.base/java.net=ALL-UNNAMED --add-opens=java.base/java.util.concurrent.atomic=ALL-UNNAMED -Xmx2048m -Dfile.encoding=UTF-8 -Duser.country=BR -Duser.language=pt -Duser.variant 
java_command: org.gradle.launcher.daemon.bootstrap.GradleDaemon 8.0
java_class_path (initial): C:\Users\alunoinfo.DESKTOP-FFTGG6Q\.gradle\wrapper\dists\gradle-8.0-bin\ca5e32bp14vu59qr306oxotwh\gradle-8.0\lib\gradle-launcher-8.0.jar
Launcher Type: SUN_STANDARD

[Global flags]
     intx CICompilerCount                          = 4                                         {product} {ergonomic}
     uint ConcGCThreads                            = 2                                         {product} {ergonomic}
     uint G1ConcRefinementThreads                  = 8                                         {product} {ergonomic}
   size_t G1HeapRegionSize                         = 1048576                                   {product} {ergonomic}
    uintx GCDrainStackTargetSize                   = 64                                        {product} {ergonomic}
   size_t InitialHeapSize                          = 264241152                                 {product} {ergonomic}
   size_t MarkStackSize                            = 4194304                                   {product} {ergonomic}
   size_t MaxHeapSize                              = 2147483648                                {product} {command line}
   size_t MaxNewSize                               = 1287651328                                {product} {ergonomic}
   size_t MinHeapDeltaBytes                        = 1048576                                   {product} {ergonomic}
   size_t MinHeapSize                              = 8388608                                   {product} {ergonomic}
    uintx NonNMethodCodeHeapSize                   = 5839372                                {pd product} {ergonomic}
    uintx NonProfiledCodeHeapSize                  = 122909434                              {pd product} {ergonomic}
    uintx ProfiledCodeHeapSize                     = 122909434                              {pd product} {ergonomic}
    uintx ReservedCodeCacheSize                    = 251658240                              {pd product} {ergonomic}
     bool SegmentedCodeCache                       = true                                      {product} {ergonomic}
   size_t SoftMaxHeapSize                          = 2147483648                             {manageable} {ergonomic}
     bool UseCompressedClassPointers               = true                           {product lp64_product} {ergonomic}
     bool UseCompressedOops                        = true                           {product lp64_product} {ergonomic}
     bool UseG1GC                                  = true                                      {product} {ergonomic}
     bool UseLargePagesIndividualAllocation        = false                                  {pd product} {ergonomic}

Logging:
Log output configuration:
 #0: stdout all=warning uptime,level,tags
 #1: stderr all=off uptime,level,tags

Environment Variables:
PATH=C:\Program Files\Common Files\Oracle\Java\javapath;C:\Program Files\Python313\Scripts\;C:\Program Files\Python313\;C:\WINDOWS\system32;C:\WINDOWS;C:\WINDOWS\System32\Wbem;C:\WINDOWS\System32\WindowsPowerShell\v1.0\;C:\WINDOWS\System32\OpenSSH\;C:\ProgramData\UNIVALI\Portugol Studio;C:\Program Files\Microsoft SQL Server\Client SDK\ODBC\170\Tools\Binn\;C:\Program Files\Microsoft SQL Server\150\Tools\Binn\;C:\Program Files\Microsoft SQL Server\170\Tools\Binn\;C:\Program Files\dotnet\;C:\wamp64\bin\php\php8.3.14;C:\ProgramData\ComposerSetup\bin;C:\Program Files\MySQL\MySQL Shell 8.0\bin\;C:\Users\alunoinfo.DESKTOP-FFTGG6Q\AppData\Local\Microsoft\WindowsApps;C:\Users\alunoinfo.DESKTOP-FFTGG6Q\AppData\Local\Programs\Microsoft VS Code\bin;C:\Users\alunoinfo.DESKTOP-FFTGG6Q\.dotnet\tools;C:\Users\alunoinfo.DESKTOP-FFTGG6Q\AppData\Roaming\Composer\vendor\bin
USERNAME=alunoinfo
OS=Windows_NT
PROCESSOR_IDENTIFIER=Intel64 Family 6 Model 140 Stepping 1, GenuineIntel
TMP=C:\Users\ALUNOI~1.DES\AppData\Local\Temp
TEMP=C:\Users\ALUNOI~1.DES\AppData\Local\Temp


JNI global refs:
JNI global refs: 29, weak refs: 9

JNI global refs memory usage: 843, weak refs: 841


---------------  S Y S T E M  ---------------

OS:
 Windows 11 , 64 bit Build 26100 (10.0.26100.7705)
OS uptime: 0 days 4:05 hours
Hyper-V role detected

CPU: total 8 (initial active 8) (4 cores per cpu, 2 threads per core) family 6 model 140 stepping 1 microcode 0xba, cx8, cmov, fxsr, ht, mmx, 3dnowpref, sse, sse2, sse3, ssse3, sse4.1, sse4.2, popcnt, lzcnt, tsc, tscinvbit, avx, avx2, aes, erms, clmul, bmi1, bmi2, adx, avx512f, avx512dq, avx512cd, avx512bw, avx512vl, sha, fma, vzeroupper, avx512_vpopcntdq, avx512_vpclmulqdq, avx512_vaes, avx512_vnni, clflush, clflushopt, clwb, avx512_vbmi2, avx512_vbmi, hv

Memory: 4k page, system-wide physical 16039M (1052M free)
TotalPageFile size 17063M (AvailPageFile size 125M)
current process WorkingSet (physical memory assigned to process): 1148M, peak: 1148M
current process commit charge ("private bytes"): 1324M, peak: 1368M

vm_info: OpenJDK 64-Bit Server VM (17.0.6+0-b2043.56-10027231) for windows-amd64 JRE (17.0.6+0-b2043.56-10027231), built on Apr 28 2023 00:43:19 by "androidbuild" with MS VC++ 16.10 / 16.11 (VS2019)

END.
